employee_id,first_name,last_name,email,hire_date,job_title,department,salary,manager_id,address,city,state,zip_code,birth_date,status
1000,,Pierce,Kathryn_Pierce@COMPANY.COM,2018-11-30,Data Engineer,IT,$61913,2003,3081 Joseph Walk Apt. 603,New Bryan,ME,59211,2006-06-15,Active
1001,Jeffrey,Cunningham,Jeffrey.Cunninghamcompany.com,2022-05-17,Data Engineer,it,,,774 Ford Motorway,Williamsmouth,HI,35380,1974-11-15,Active
1002,Jerry,TURNER,,2026-08-15,Data Analyst,IT,"106,548",,351 Murray Plaza Suite 660,Williamland,PW,80091,1984-12-27,Active
1003,justin,Mcdaniel,,2016-12-28,Manager,marketing,,2001,8490 Amanda Trail,Swansonland,AZ,94550,1975-09-09,
1004,Michele,Weiss,Michele@company,2016-08-28,Data Engineer,Finance,$106763,2003,909 Richardson Tunnel,Port Stephen,NY,43668,2007-12-18,INACTIVE
1005,Barry,Young,BarryYoung@company.com,2020-05-07,Data Analyst,Sales,"₹39,961",2002,6620 Nguyen Ferry Suite 669,Hayesview,ID,91757,1985-06-16,active
1006,Andrew,Collins,AndrewCollins@company.com,2023-10-29,Data Engineer,Finance,,2003,766 Bowers Parks,Julialand,AR,57643,2001-09-03,active
1007,Timothy,Jones,Timothy.Jones@company.com,2017-02-25,Data Engineer,Finance,"$100,761",2003,0159 James Union Apt. 778,New Meganburgh,CT,17032,1967-09-01,
1008,jessica,Douglas,jessica.Douglas@company.com,2020-03-18,Software Engineer,Analytics,"80,048",2002,011 Wagner Points Apt. 356,Port Toddburgh,PA,59644,1974-10-01,Active
1009,jennifer,Farmer,jennifer.Farmercompany.com,2019-05-17,Manager,it,92501,2003,0261 Brown Canyon Suite 495,Kramertown,AL,11163,1990-11-20,active
1010,Christina,MCCORMICK,Christina@company,2025-09-11,Data Analyst,Sales,,2001,,Moorebury,NJ,14140,2007-03-12,INACTIVE
1011,Heather,Pham,HeatherPham@company.com,2022-04-12,Data Engineer,Sales,"29,191",2002,6513 Paul Drive,Williamsfort,HI,71711,1972-08-11,INACTIVE
1012,Lee,Oneill,Lee.Oneillcompany.com,2020-05-31,Software Engineer,Sales,102556,2003,1839 Judy Plain Suite 699,Port Robert,TN,92276,2000-05-22,
1013,Jennifer,Reynolds,Jennifer_Reynolds@COMPANY.COM,2024-11-28,Manager,marketing,$98081,2001,5118 Scott Estates Suite 456,Moorebury,NJ,84413,1975-09-23,INACTIVE
1014,Andrew,Serrano,,2025-09-01,Software Engineer,IT,"₹86,872",2003,3089 Wayne Light,Krystalville,NM,28451,1973-04-11,INACTIVE
1015,Michael,Berg,MichaelBerg@company.com,2017-09-16,Software Engineer,HR,"69,654",,49749 Cortez Vista,New Steven,WV,32286,2002-11-04,Active
1016,Diana,Andrews,Diana.Andrewscompany.com,2020-08-07,Manager,Sales,102555,2002,85984 Wright Springs,Jimenezfort,PW,48741,1987-01-02,Active
1017,Leslie,Kennedy,LeslieKennedy@company.com,2020-03-31,Data Analyst,marketing,"₹22,627",,,New Jesse,MT,19619,1974-11-12,
1018,Michelle,Mann,Michelle.Manncompany.com,2023-05-21,Software Engineer,Sales,"₹53,065",2001,2051 Victoria View,South Kelly,NM,98727,1988-03-22,INACTIVE
1019,Brandon,Johnson,,2026-10-21,Manager,HR,"$62,893",2002,0896 Mario Meadows Apt. 004,East Jessicaville,AZ,22287,2000-08-22,INACTIVE
1020,Ruben,Hughes,RubenHughes@company.com,2019-06-01,Data Analyst,IT,,,05608 Antonio Fork Apt. 840,East Juliefort,NJ,37406,1992-08-25,
1021,shelley,SMITH,,2021-02-28,Data Analyst,Finance,"₹50,967",2003,0435 Harding Crossroad Suite 888,Port Emilyfurt,MP,36296,1977-06-06,
1022,Melanie,Phillips,Melanie.Phillipscompany.com,2018-12-14,Manager,IT,114772,2001,6843 Brittany Inlet,North Johnfurt,MH,31168,2006-02-10,
1023,eric,Mata,eric.Matacompany.com,2024-11-11,Software Engineer,it,"114,619",2003,23922 White Port Apt. 255,West Chad,ID,41802,1985-09-04,
1024,Brent,Boyd,Brent.Boyd@company.com,2016-08-16,Manager,marketing,"₹29,431",2003,703 Elizabeth Squares Apt. 626,North Daniel,PA,97827,1992-05-04,INACTIVE
1025,Sheila,Barber,Sheila.Barbercompany.com,2022-02-01,Data Analyst,Sales,71455,2002,5526 Caitlin Springs Suite 249,Odomfurt,MD,98953,2005-05-20,active
1026,Kylie,Small,Kylie@company,2020-01-07,Manager,HR,"₹57,747",2003,184 Sanchez Drives Suite 338,North Amyberg,CA,39397,1998-03-23,Active
1027,kelly,Graham,,2024-06-07,Data Analyst,Sales,$82452,2003,1394 Leah Valleys Suite 152,Schmidtbury,WA,88734,1976-06-03,active
1028,Christine,Mitchell,Christine.Mitchell@company.com,2022-06-14,Data Engineer,Analytics,"₹88,299",2002,40761 Victor Forks,Macdonaldmouth,TX,37318,1981-06-09,INACTIVE
1029,Christopher,KING,,2025-02-09,Data Analyst,IT,"$92,868",2002,60514 Norton Union,South Michaelburgh,VT,42970,1999-08-30,active
1030,Thomas,CARDENAS,,2026-09-18,Software Engineer,Sales,$87436,2003,1912 Anderson Path,Port Melissa,CO,31944,1983-03-04,active
1031,Lori,Harris,,2022-11-25,Software Engineer,HR,"114,858",2002,,Joneston,AK,39388,1974-03-23,Active
1032,Sherry,Lewis,Sherry@company,2025-02-28,Software Engineer,Finance,,2002,1574 Hayes Isle Suite 600,Jameston,MO,27347,1978-10-05,active
1033,manuel,Deleon,manuelDeleon@company.com,2022-09-13,Manager,Analytics,$62798,2001,811 Wilson Ferry Suite 538,South Scottshire,ME,99428,2000-04-02,INACTIVE
1034,Emily,MARTINEZ,Emily.MARTINEZcompany.com,2017-01-14,Manager,Sales,,2003,24387 Matthew Gardens,Williamland,AL,98804,1985-03-26,INACTIVE
1035,Seth,YOUNG,Seth.YOUNG@company.com,2017-07-07,Data Analyst,Finance,$33140,,93827 Fox Ways Apt. 843,Lake Rossstad,MP,54616,2000-10-27,INACTIVE
1036,Terry,Hobbs,Terry.Hobbs@company.com,2020-09-11,Data Analyst,Analytics,$26328,,205 Powers Land Suite 577,South Brian,NV,43453,1991-06-14,Active
1037,Kimberly,White,Kimberly@company,2022-07-07,Data Analyst,marketing,"₹101,483",,7404 Rose Spurs,Gregoryborough,MD,38567,1979-04-14,Active
1038,Gary,Lee,,2026-12-29,Manager,marketing,"$90,929",2001,512 Anderson Road,Johnmouth,AZ,36888,1973-03-21,active
1039,Sabrina,Foster,Sabrina@company,2017-12-09,Manager,it,,2001,3509 Jensen Fields,Shannonside,MP,60221,1990-01-07,INACTIVE
1040,Bradley,Fisher,,2023-10-29,Manager,marketing,,2001,1087 Susan Center Suite 405,New Michael,VA,75052,1988-12-21,Active
1041,Carol,Wright,Carol.Wrightcompany.com,2018-01-05,Manager,it,"$21,727",2003,327 Frank Rest,South Christinefurt,MA,22919,1972-06-17,Active
1042,William,Curtis,,2027-04-05,Data Analyst,IT,"$113,412",2003,0319 Williams Lake,Matthewsview,DE,44227,1973-08-01,
1043,Kelsey,Myers,Kelsey.Myerscompany.com,2023-08-27,Data Engineer,Sales,$115528,2002,2676 Burns Extension Apt. 549,Port Nicholasberg,IA,48668,1981-07-02,Active
1044,jeremy,Suarez,jeremy@company,2025-12-26,Data Analyst,IT,84216,2003,471 Philip Estates,East Christopherbury,AS,48754,2004-03-22,active
1045,Kyle,Spencer,Kyle.Spencer@company.com,2019-02-05,Software Engineer,HR,71743,2001,86029 Fox Track Suite 367,New Michael,ND,13342,1970-08-02,Active
1046,James,Henson,,2024-03-26,Software Engineer,marketing,"₹43,720",2002,7070 Melissa Way Suite 210,Port Andreashire,AZ,26131,1997-05-26,INACTIVE
1047,Charles,Harmon,,2022-09-25,Manager,Finance,73773,,46065 Salazar Loop Suite 842,Alyssaton,CT,98096,1982-10-31,INACTIVE
1048,Matthew,CROSS,Matthew_CROSS@COMPANY.COM,2016-08-31,Manager,marketing,,2002,872 Scott Route Suite 648,Hollyville,FL,95119,1970-10-22,Active
1049,Andrew,Hammond,Andrew.Hammondcompany.com,2019-05-17,Software Engineer,Sales,"113,581",2003,529 Sabrina Hills,Sanchezland,TN,44635,1987-04-24,
1050,Travis,Hill,,2019-06-04,Manager,it,"70,460",2002,77644 Cowan Ville,Lake Frank,NY,14402,2005-05-02,INACTIVE
1051,Mark,Nelson,Mark@company,2021-07-14,Data Engineer,Sales,"69,471",,1492 William Shoal,Bettyside,CA,57777,1991-08-29,Active
1052,Steven,LOPEZ,Steven.LOPEZcompany.com,2016-12-18,Software Engineer,Sales,28055,2003,80760 Timothy Orchard Suite 109,Buchananborough,SD,27823,1985-12-23,active
1053,Nicholas,Carpenter,Nicholas_Carpenter@COMPANY.COM,2022-06-14,Data Analyst,marketing,,2003,10820 Kristopher Brook,Kimberlyshire,MN,20227,1979-04-04,
1054,Jessica,Richards,Jessica.Richardscompany.com,2020-01-20,Software Engineer,Analytics,"$34,978",,0431 Ramsey Burg,Lake Justin,ME,52033,1993-12-15,
1055,Krystal,Solomon,KrystalSolomon@company.com,2024-06-20,Software Engineer,Sales,,,73985 Mooney Plains,East Robinmouth,MS,91951,1995-04-17,INACTIVE
1056,Wanda,HORTON,Wanda_HORTON@COMPANY.COM,2022-06-05,Software Engineer,IT,,2002,17645 Corey Extension Suite 798,West Brandonville,MO,56086,1991-10-24,
1057,Erica,Chavez,Erica@company,2025-08-08,Data Analyst,HR,61383,,8975 Booth Avenue Apt. 389,Williamchester,FM,63251,2005-12-22,INACTIVE
1058,Angela,LYNCH,Angela@company,2023-12-30,Manager,Finance,$55506,2001,8038 Theresa Way Suite 198,East Isabellaton,NC,38008,1995-12-22,INACTIVE
1059,Tammy,Turner,Tammy@company,2017-05-13,Data Analyst,marketing,"₹70,953",2001,65457 White Pines Apt. 924,New Nataliemouth,MD,91950,1998-05-08,INACTIVE
1060,Bob,Martin,Bob_Martin@COMPANY.COM,2018-01-05,Software Engineer,Finance,,2002,663 Nathan Mews Apt. 509,Samanthaborough,IA,75160,1992-10-23,active
1061,Lee,Schultz,Lee.Schultz@company.com,2021-08-10,Data Analyst,Analytics,"₹102,602",2001,63073 Anne Union,Adrianville,NY,19671,1980-08-29,
1062,Lauren,Sanders,LaurenSanders@company.com,2021-07-22,Software Engineer,Finance,65384,,308 Gallegos Mews,Reginahaven,VI,00548,1992-06-10,Active
1063,Joe,CARTER,,2020-08-28,Manager,Analytics,$85255,,72245 Valerie Island Apt. 663,Traceyshire,PW,54384,1996-03-04,active
1064,Mary,Hall,Mary.Hall@company.com,2025-06-22,Data Engineer,IT,"110,112",,17004 Scott Expressway,Edwardschester,VT,57719,1983-07-27,Active
1065,Tyler,Velasquez,Tyler@company,2019-05-14,Software Engineer,IT,,,40713 Smith Extensions Suite 554,Davishaven,VI,26228,1998-05-04,active
1066,Lori,Fischer,Lori.Fischercompany.com,2023-07-30,Manager,it,$63474,,4582 Howell Ford,South Samuel,ME,67473,2001-12-15,
1067,Donna,Hickman,Donna.Hickman@company.com,2021-02-11,Manager,IT,"64,504",2002,85177 Evans Locks,West Daniel,CO,05224,1969-03-20,
1068,Michael,Rosario,Michael_Rosario@COMPANY.COM,2016-07-05,Data Analyst,Finance,"$30,334",,97688 Haney Stream,North Brookeborough,IL,38243,2003-05-16,INACTIVE
1069,yolanda,DOWNS,,2025-02-07,Software Engineer,IT,$59461,,92802 Ramos Meadow Apt. 873,Barrerachester,CT,40261,1985-09-01,
1070,elizabeth,OBRIEN,elizabeth.OBRIENcompany.com,2021-12-24,Data Analyst,Finance,"30,012",,2784 Jamie Green,Clarkstad,MH,50629,1976-01-30,INACTIVE
1071,Michael,Williamson,,2019-03-07,Data Analyst,Finance,"₹21,702",2002,58101 Jennifer Plaza,Jamesland,NE,41848,1972-07-17,
1072,Tiffany,Murphy,,2017-07-30,Data Engineer,IT,"$53,798",2002,822 Weber Plaza,Tonystad,PR,09453,1989-07-06,
1073,Jonathan,Walls,Jonathan.Wallscompany.com,2021-03-24,Software Engineer,marketing,"₹83,582",2002,69338 Jones Path Suite 722,Haroldfurt,HI,89944,1996-03-31,
1074,Joshua,ANDERSON,JoshuaANDERSON@company.com,2021-02-22,Data Analyst,marketing,"₹86,536",2002,4621 Davila Loop Apt. 162,Riosshire,GU,30561,1996-12-18,Active
1075,patrick,Hughes,,2025-06-29,Data Analyst,HR,"36,685",,96233 Wilcox Extension,East Elizabethtown,MN,02256,2001-11-22,
1076,Scott,Gonzalez,Scott@company,2026-03-21,Data Analyst,IT,"119,464",,6957 Michael Hill Suite 388,Antonioland,NV,39866,2005-11-24,
1077,Adam,Brennan,Adam_Brennan@COMPANY.COM,2025-10-31,Software Engineer,marketing,"106,700",2003,1027 Alexandra Plain,West Benjaminborough,MN,71900,1993-06-03,Active
1078,Amy,Cowan,Amy.Cowancompany.com,2016-11-15,Manager,IT,106572,2003,288 Stewart Courts,Pamelachester,MN,21396,1995-08-16,active
1079,Bridget,Grimes,,2025-11-12,Software Engineer,Finance,"$102,792",,0896 Lisa Locks,New Hector,RI,87255,1993-04-20,
1080,joshua,Coleman,,2018-02-02,Data Engineer,HR,"80,954",2001,86695 Ann Drive Apt. 938,East Jessicamouth,FL,89546,1999-11-23,
1081,Paula,Stafford,Paula.Staffordcompany.com,2022-02-11,Data Analyst,Sales,"₹89,182",2003,2999 Sutton Walks,North Benjamin,PW,45195,1991-04-29,Active
1082,samantha,,samantha@company,2019-09-05,Data Analyst,it,"$92,512",2001,024 Karla Burgs,Brentside,IN,14564,1997-10-20,Active
1083,janet,Sutton,janet@company,2019-11-14,Data Engineer,IT,,2003,746 Johnson Forge,Port Anna,PW,46680,1973-03-24,
1084,Kristin,Stephens,Kristin_Stephens@COMPANY.COM,2021-07-22,Data Analyst,marketing,"$117,744",,189 Miller Circle,Russellton,OH,35001,1986-05-31,Active
1085,Christopher,Jones,ChristopherJones@company.com,2022-07-30,Data Analyst,IT,,2003,,Ramirezchester,OH,69239,1978-02-24,
1086,Billy,Castaneda,Billy.Castaneda@company.com,2016-03-21,Manager,HR,44553,2002,772 Jessica Lights Apt. 438,Lake Douglas,MI,49562,1976-06-26,Active
1087,Latasha,Gonzalez,Latasha.Gonzalezcompany.com,2024-09-20,Data Engineer,IT,"$105,109",2003,7352 Amanda Extension Suite 954,Chapmanside,NY,95061,1988-01-01,
1088,Kimberly,Franklin,Kimberly.Franklin@company.com,2023-06-25,Data Analyst,marketing,$87605,,195 Amy Wells,Jonestown,ND,40700,1970-08-03,Active
1089,Megan,WOODS,Megan.WOODS@company.com,2020-07-07,Manager,it,,,71022 Cook Vista Apt. 523,Nicholasberg,PR,93820,1999-01-22,
1090,Melanie,Thomas,Melanie_Thomas@COMPANY.COM,2018-04-25,Data Analyst,Analytics,52316,2003,72440 Smith Well Apt. 589,Lake Diana,TX,67362,1994-01-07,
1091,Kristen,BLACKWELL,Kristen.BLACKWELLcompany.com,2021-04-15,Data Engineer,HR,"$78,243",,,Lake Cindy,AR,50076,1998-02-18,Active
1092,julie,Davis,julie@company,2022-06-27,Software Engineer,IT,"$93,260",2002,,Jeremyland,CT,60743,1985-01-23,Active
1093,Felicia,Mcknight,Felicia.Mcknightcompany.com,2022-01-11,Data Engineer,marketing,$114378,,3988 Robinson Fork Suite 377,Danielborough,PR,57369,1994-12-30,INACTIVE
1094,Amber,Taylor,,2018-08-03,Data Engineer,IT,,2002,643 Andrew Landing,New Patricia,PW,10795,1999-02-26,INACTIVE
1095,Andrew,Martin,Andrew.Martincompany.com,2026-09-21,Manager,Sales,"69,124",2002,404 Snyder Island,South Brettport,ME,73490,2007-07-04,
1096,Gregory,HENDRICKS,,2024-09-16,Manager,Sales,57295,2003,5563 Eric Fords Apt. 935,Andersonmouth,MO,53229,1982-08-15,Active
1097,John,Hill,John.Hillcompany.com,2022-11-29,Manager,Finance,$48557,,49116 Jean Brook,West Joshuaton,AZ,33060,1979-06-14,
1098,Jill,Owens,JillOwens@company.com,2023-03-11,Data Engineer,Finance,52840,2001,9100 Gonzalez Summit,Lake Erica,TN,89106,1968-02-19,
1099,Donald,Oneal,DonaldOneal@company.com,2023-09-11,Data Analyst,Sales,45694,,3992 Lewis Landing,Yangchester,CT,92788,1985-03-30,Active
1100,Tammy,Davis,,2024-12-25,Manager,Analytics,,2001,,West Michael,NM,23766,2002-03-07,
1101,,Gonzalez,,2020-09-12,Software Engineer,Analytics,,,3933 Ellen Shoal Suite 904,Lake Brentburgh,VA,23760,1967-04-14,Active
1102,Brendan,Ramsey,Brendan.Ramsey@company.com,2017-06-28,Data Engineer,marketing,"80,140",,6764 Byrd Estates,South Christinemouth,PA,36599,1992-11-11,active
1103,Elizabeth,Powell,ElizabethPowell@company.com,2025-06-03,Data Engineer,marketing,"₹70,493",,2396 Meyer Village Suite 008,Nataliemouth,DE,19122,1996-06-22,
1104,Chris,Martinez,Chris_Martinez@COMPANY.COM,2024-06-03,Data Analyst,Sales,,2001,09871 Kara Route,Carrieberg,PW,94123,1980-03-12,
1105,felicia,Roach,,2025-12-31,Data Engineer,it,$25444,2003,45412 Brittany Extension Apt. 501,Gonzalesport,MH,20925,1996-02-02,INACTIVE
1106,Joel,House,Joel.Housecompany.com,2027-04-18,Manager,Analytics,92159,2002,3418 Thomas Lakes,North Timothy,MH,09647,1967-05-24,
1107,Joseph,Wolf,JosephWolf@company.com,2020-01-27,Data Engineer,Sales,"₹111,775",,170 Nelson Keys Suite 199,Robertsstad,TX,81591,1986-07-18,active
1108,Luis,Clarke,Luis.Clarkecompany.com,2023-08-09,Software Engineer,IT,,,252 Spence Land,Richardland,KY,09070,1974-05-19,
1109,Elizabeth,JONES,,2018-10-04,Manager,IT,64775,2002,93726 Parker Way,North Christina,NC,40801,1984-01-28,
1110,Alyssa,WILSON,Alyssa.WILSON@company.com,2016-02-28,Manager,IT,,,162 Gabrielle View Apt. 928,Watsonmouth,TN,18727,1972-09-23,Active
1111,jacqueline,Crosby,jacqueline.Crosby@company.com,2016-10-07,Software Engineer,IT,,2001,4065 Benjamin Burg Suite 960,Brownfurt,FM,56333,1993-05-26,active
1112,Stephen,Burke,,2023-02-23,Data Analyst,Analytics,,,42668 Richard Way Suite 662,Dianaville,NY,21888,1978-11-29,active
1113,Mary,GIBSON,Mary.GIBSONcompany.com,2025-01-26,Data Analyst,Sales,$119982,,99808 Trujillo Crest Suite 243,Jennabury,PA,87367,1998-01-05,
1114,ashley,JORDAN,,2019-03-18,Software Engineer,Analytics,"95,923",2001,76016 Ortiz Rest Suite 757,Port Patricia,NY,10573,1969-02-05,INACTIVE
1115,emily,Miller,emily@company,2024-11-23,Manager,HR,33470,2001,0961 Townsend Harbor,Ethanside,MP,68711,1982-12-05,
1116,Rachel,Munoz,Rachel@company,2018-08-04,Manager,Finance,"54,012",2001,2507 Brown Mews,East Jessica,WA,86520,1989-08-24,active
1117,Jennifer,MORALES,Jennifer_MORALES@COMPANY.COM,2024-10-24,Data Engineer,Analytics,26285,2001,5767 Jonathan Row Suite 842,New Johnhaven,AL,13696,1987-12-17,
1118,Robert,WHITEHEAD,Robert.WHITEHEAD@company.com,2019-06-20,Software Engineer,Analytics,75481,2001,439 Zavala Bypass,Jacquelinefort,NH,90294,1979-12-06,
1119,Matthew,TAYLOR,Matthew@company,2019-10-17,Data Analyst,marketing,"$49,175",2003,11511 Dawn Neck Apt. 546,Emilyhaven,MO,90143,1983-01-28,Active
1120,richard,BYRD,,2024-02-25,Data Analyst,it,$102225,2001,7718 Cheyenne Stream Suite 339,Rogersburgh,RI,22924,2003-03-18,Active
1121,Kyle,Hardin,Kyle.Hardin@company.com,2021-06-12,Software Engineer,HR,,,5943 Melissa Branch Apt. 310,Sheilahaven,HI,02174,2004-07-12,active
1122,,VASQUEZ,NicoleVASQUEZ@company.com,2020-06-15,Manager,IT,$110740,2001,358 Lowe Pike,North Matthewshire,MS,81314,1977-07-21,Active
1123,Julie,Sandoval,Julie.Sandovalcompany.com,2017-09-24,Data Analyst,marketing,"58,891",2002,520 Sarah Walks Apt. 774,Collinsview,NM,41465,1990-08-09,
1124,lauren,Gamble,,2022-12-06,Data Analyst,Finance,23179,,73885 Taylor Parks Suite 455,Kaitlinfurt,GU,51616,1986-09-13,INACTIVE
1125,Gabrielle,Reed,GabrielleReed@company.com,2025-01-28,Data Engineer,Finance,,2001,538 Tara Mountains,Pruittbury,AS,64477,2000-09-08,Active
1126,john,,john.Mcdanielcompany.com,2021-01-18,Data Analyst,Analytics,113165,,22593 Jonathan Plains,West Anthonymouth,WI,27967,1982-09-07,INACTIVE
1127,Timothy,Ballard,,2025-01-28,Manager,Analytics,"$60,026",,,Richardfurt,FL,80381,1988-02-06,
1128,Charles,Ritter,CharlesRitter@company.com,2024-03-01,Software Engineer,it,"$58,237",,8494 Eric Mission Apt. 732,Port Victortown,UT,11495,1972-10-22,active
1129,Sharon,ALLEN,,2023-07-17,Software Engineer,Analytics,"101,155",2003,551 Pittman Locks,Woodschester,TN,63941,1975-09-21,active
1130,Brian,STEPHENS,Brian.STEPHENScompany.com,2022-09-21,Manager,marketing,"₹103,146",,052 Francisco View Suite 439,Scottstad,MN,80029,2008-01-06,INACTIVE
1131,Craig,Franklin,,2025-01-04,Data Engineer,it,89099,,0176 Jessica Parkways,South Robertville,HI,46976,1985-02-05,Active
1132,Lawrence,THOMPSON,LawrenceTHOMPSON@company.com,2023-01-28,Data Analyst,it,"$99,230",2001,27017 Michael Fords,Derekville,WV,07844,1966-04-27,Active
1133,John,Gonzalez,John@company,2017-03-16,Software Engineer,HR,"$110,379",2003,754 Dalton Village,Lake Karenshire,DE,61821,1972-05-18,INACTIVE
1134,Patricia,Larson,Patricia_Larson@COMPANY.COM,2016-12-13,Software Engineer,marketing,"₹54,265",,04222 Timothy Ports Apt. 018,Nataliebury,IN,72352,1987-08-26,active
1135,Jennifer,JONES,Jennifer.JONES@company.com,2016-05-02,Data Engineer,it,"$81,970",2003,018 Hall Throughway Apt. 372,New Veronicahaven,IA,22716,1985-05-24,Active
1136,Eduardo,,EduardoFischer@company.com,2019-07-26,Software Engineer,marketing,"₹76,161",,056 Jennifer Prairie,Joannechester,GU,23431,2003-10-17,
1137,David,Koch,DavidKoch@company.com,2021-07-04,Manager,marketing,,,6042 Shaw Lodge Apt. 004,Brendamouth,OH,26817,1986-08-22,active
1138,Amy,Murphy,Amy.Murphy@company.com,2022-07-02,Data Analyst,HR,$68653,,29099 Hamilton Neck Suite 423,North Christopherland,MN,41685,2004-07-20,active
1139,Veronica,Martin,Veronica@company,2023-04-26,Data Engineer,Sales,"116,958",,19710 Tyler Station,Port Shanefort,KY,40716,1969-11-29,INACTIVE
1140,jessica,Ashley,jessica.Ashleycompany.com,2022-12-24,Software Engineer,IT,"$38,871",2003,869 William Streets Apt. 000,East Robertmouth,NY,65691,1976-04-16,
1141,sara,Hicks,sara_Hicks@COMPANY.COM,2018-04-16,Manager,marketing,,,802 Lucas Pines,New Rebeccashire,ID,17561,1994-08-20,active
1142,,Grant,Matthew@company,2025-09-13,Data Analyst,Analytics,114300,,6142 Teresa Greens,Mcclureshire,MT,84437,1996-09-21,
1143,Joshua,Yates,Joshua@company,2017-02-12,Software Engineer,it,$66207,2003,,New Carolyn,TX,96247,1982-12-31,
1144,,Williams,,2024-06-28,Manager,marketing,,2002,224 Joshua Squares Apt. 866,Hillhaven,CO,89823,1991-09-19,
1145,Jane,Contreras,,2019-04-13,Data Analyst,HR,$109481,,32903 Jones Plaza Apt. 688,North Julia,AS,55644,2000-08-31,
1146,Roy,BAKER,RoyBAKER@company.com,2023-05-02,Data Analyst,marketing,"₹36,591",2001,512 John Rue Suite 350,West Adam,IN,01660,1992-07-15,active
1147,Lisa,SCOTT,,2021-09-06,Data Analyst,Sales,"24,869",,049 Joseph Cliffs Suite 067,Andrefort,SD,97232,1984-03-18,INACTIVE
1148,Nancy,Martinez,Nancy_Martinez@COMPANY.COM,2023-12-31,Data Analyst,Finance,"$82,451",2003,3906 Laura Streets Suite 410,Lake Michaelfurt,IN,66290,2005-11-18,
1149,Shelley,Rogers,Shelley_Rogers@COMPANY.COM,2018-12-25,Data Engineer,marketing,"59,081",2002,69707 Garza Ridges,Markborough,OR,54275,2005-05-21,INACTIVE
1150,Travis,Coleman,Travis.Colemancompany.com,2025-07-06,Data Analyst,Sales,"₹46,756",2002,9052 Maria Islands,Marymouth,AS,88442,1996-01-28,
1151,jacob,Mcdonald,,2026-05-22,Software Engineer,Finance,"71,344",,0362 Hall Lane Apt. 963,Port Shelley,CO,61363,1988-06-30,
1152,Eric,Vega,,2020-05-01,Manager,Finance,,2002,341 Brent Circle Apt. 517,New Eric,VI,45950,1985-02-12,
1153,Kyle,Wise,,2024-11-12,Data Engineer,it,"$80,403",,9844 Joseph Lakes Apt. 340,Davidsonberg,AL,93262,1994-04-29,active
1154,David,Chapman,David.Chapmancompany.com,2022-01-01,Software Engineer,Finance,"78,423",,4914 Michael Pass,New Jennifershire,MI,88344,1973-02-04,INACTIVE
1155,Joel,Dunlap,Joel.Dunlapcompany.com,2020-12-16,Data Engineer,Analytics,"₹112,605",2001,6666 Spencer Centers,Kimberlyton,MH,84656,1988-04-22,Active
1156,Marissa,Rodriguez,Marissa.Rodriguez@company.com,2018-03-18,Software Engineer,HR,,2002,428 Guerra Fields Suite 959,Port Amber,AZ,61507,1994-12-20,Active
1157,Walter,BROWN,Walter@company,2019-05-04,Manager,Sales,$45127,,72357 Clark Knoll Suite 614,Andersonville,AR,41206,1990-09-10,Active
1158,John,Reynolds,John_Reynolds@COMPANY.COM,2021-02-04,Data Analyst,it,$90143,2001,488 Peterson Prairie,West Victor,FL,73910,2002-02-07,active
1159,Kimberly,Ray,Kimberly@company,2017-12-20,Data Engineer,Finance,107323,,13665 Michelle Mission Suite 103,South Alfred,AR,09505,1979-12-08,
1160,Sharon,Duncan,SharonDuncan@company.com,2023-10-20,Software Engineer,it,"₹88,130",2003,309 Anderson Cliffs Suite 435,Toniville,OK,72328,1993-08-27,active
1161,Ethan,Johnson,,2024-05-29,Data Analyst,it,33201,2003,52157 Nancy Grove Apt. 441,Warrenfurt,GA,90473,1990-08-06,active
1162,melissa,SMITH,,2016-08-29,Software Engineer,IT,"₹26,954",,808 Robbins Station,North Brianchester,HI,41349,1996-10-03,
1163,Steven,Villa,StevenVilla@company.com,2022-05-27,Software Engineer,Sales,$109259,,488 King Shoal Suite 458,North Courtney,KS,59168,1992-12-21,
1164,George,Newman,George.Newman@company.com,2016-02-07,Manager,Finance,$62015,2003,404 Liu Mills,Jenniferview,AZ,79992,1980-05-28,
1165,michelle,ROSS,michelle.ROSS@company.com,2017-09-18,Data Analyst,marketing,"76,771",,46129 Danny Heights Suite 454,South Tammyberg,KS,27621,1974-01-17,
1166,Natalie,Holt,Natalie@company,2017-09-17,Software Engineer,IT,$113210,2002,7780 Jane Extension,Dianeland,UT,90759,1966-10-19,active
1167,Patrick,Woodward,,2020-06-29,Manager,Analytics,"$38,821",,2419 Howell Row,Sharonland,IN,54598,1987-02-14,active
1168,Lisa,Bates,Lisa@company,2016-03-22,Manager,Sales,59704,2002,74718 Jason Knolls,South Jill,CA,27398,1968-04-10,Active
1169,Dustin,Edwards,Dustin.Edwards@company.com,2023-05-21,Software Engineer,IT,"₹56,094",2003,394 Amy Estate,Johnsonland,UT,35108,1997-09-25,
1170,Nicole,Lee,Nicole@company,2025-12-06,Software Engineer,IT,"40,385",2002,45365 Phillips Views Suite 041,Levymouth,GU,60458,1975-09-01,Active
1171,Laura,Flowers,,2019-10-26,Manager,IT,,2002,3383 Krause Ville,Port Andrewborough,RI,28582,1997-10-01,
1172,Kevin,Romero,KevinRomero@company.com,2022-08-27,Software Engineer,HR,$70750,2002,56111 Kathleen Light Apt. 570,Danielhaven,AL,48730,1986-05-09,
1173,Melissa,Fletcher,MelissaFletcher@company.com,2019-01-13,Manager,Finance,59348,,9747 Jones Orchard Suite 184,Riverastad,SC,02752,1975-12-31,
1174,Edward,Richardson,Edward@company,2020-05-22,Manager,Sales,38782,,644 Rios Mount Apt. 990,Dianamouth,VT,06489,1967-01-11,
1175,laura,Valencia,laura.Valencia@company.com,2018-07-26,Data Engineer,IT,$115344,2002,69184 Bates Turnpike,Barrettstad,DE,54846,1996-01-09,Active
1176,Laura,Brown,LauraBrown@company.com,2024-04-25,Software Engineer,Sales,,,99962 Velasquez Lodge,Doyleberg,OK,85212,2007-05-24,Active
1177,Christopher,Allison,Christopher.Allison@company.com,2020-03-29,Data Analyst,Sales,"20,610",2002,820 Emily Mount,Hayeschester,DC,05663,2007-04-15,
1178,Joseph,Ayala,Joseph@company,2025-09-14,Data Engineer,Analytics,"26,713",,,Newmanfurt,AR,79422,2001-08-11,active
1179,Peter,May,PeterMay@company.com,2024-10-04,Data Engineer,it,"115,676",2001,1315 Clark Courts Apt. 274,Lake Heather,OR,35872,1973-06-09,Active
1180,emily,Hill,emilyHill@company.com,2017-11-25,Manager,marketing,,2003,5395 Parker Hill,East Nancychester,PW,90181,2000-01-20,
1181,Colleen,Green,,2024-08-26,Software Engineer,marketing,"₹102,972",,720 Robert Common,Morganchester,MA,40211,1971-07-08,
1182,Shannon,Andrade,Shannon.Andradecompany.com,2019-05-21,Manager,it,,2003,775 Small Estates,Krausechester,VI,03793,1966-02-06,Active
1183,Jessica,Robles,Jessica.Robles@company.com,2019-07-27,Software Engineer,Finance,"₹101,107",,87108 Samuel Island Suite 460,West Darlenehaven,MH,10385,2001-11-07,Active
1184,Ryan,Barnett,Ryan.Barnett@company.com,2021-02-13,Software Engineer,Analytics,"₹68,259",2002,200 Williams Estate Apt. 291,Keithfurt,MT,38310,2007-06-25,
1185,gregory,Martin,,2023-07-01,Manager,IT,$39599,,376 Brent Loop Suite 411,Smithberg,NV,06716,1985-10-29,active
1186,Pamela,Davis,Pamela_Davis@COMPANY.COM,2023-10-07,Data Engineer,HR,$44566,2003,930 Hunter Vista,Boydshire,ID,18497,1981-01-15,active
1187,Erin,Peters,Erin.Peterscompany.com,2024-05-21,Manager,HR,,,64022 Andrea Lane,Kellyside,VT,17328,1968-11-28,active
1188,Crystal,White,CrystalWhite@company.com,2017-04-23,Manager,IT,81265,,,Smithfurt,VA,92721,1992-04-25,INACTIVE
1189,Susan,Grant,Susan@company,2024-03-10,Software Engineer,HR,$71821,2003,,East Austintown,IN,32619,1974-04-11,Active
1190,Jason,Sanchez,,2023-11-23,Manager,marketing,"$23,300",2001,5004 Charles Manors,East Brittanyfurt,NC,82601,1969-11-12,
1191,Steven,Wolf,Steven_Wolf@COMPANY.COM,2024-01-23,Data Engineer,Analytics,,,5216 Jennifer Shores,East Christian,VI,22134,1973-12-16,
1192,Dillon,Ruiz,Dillon_Ruiz@COMPANY.COM,2019-11-03,Data Analyst,IT,"$23,167",2001,7682 Edward Alley Suite 944,Nicolechester,MS,39752,1992-10-19,INACTIVE
1193,Tracy,Ward,,2023-07-09,Software Engineer,marketing,,2003,6518 Gary Mill Apt. 736,Brandystad,MH,98844,1969-03-23,
1194,Christopher,Riggs,ChristopherRiggs@company.com,2022-06-18,Software Engineer,Finance,,2003,785 Brock Mountain Apt. 412,Lake Dustin,MT,58048,1982-10-19,INACTIVE
1195,,SPEARS,,2024-07-21,Manager,Analytics,"₹110,710",2001,415 Ross Lodge,Brentfort,IA,39195,1991-05-28,
1196,samantha,Martinez,samanthaMartinez@company.com,2026-01-14,Data Analyst,marketing,$42941,2003,139 Anthony Circle Suite 993,Marcton,FM,17136,1986-10-20,INACTIVE
1197,Adam,Nunez,,2022-09-06,Manager,Sales,30209,2003,,East Elizabethmouth,UT,65992,1987-09-19,
1198,Kimberly,Clark,KimberlyClark@company.com,2025-09-26,Data Analyst,Sales,$113466,,5073 Travis View Apt. 299,Sarahmouth,VI,74142,2000-05-14,active
1199,William,Curtis,WilliamCurtis@company.com,2018-07-21,Data Analyst,HR,"₹117,898",,8930 Perry Forges Suite 901,West Sarahmouth,WA,14585,1969-04-11,INACTIVE
1200,Kelly,JAMES,Kelly.JAMES@company.com,2025-06-27,Manager,marketing,$29053,,0073 Justin Manors,South Sharonfort,NV,82901,1994-11-07,INACTIVE
1201,Angela,Patterson,Angela@company,2021-04-21,Manager,Finance,"₹104,505",2002,,East David,WI,63583,1973-09-19,active
1202,Gregory,Nguyen,Gregory_Nguyen@COMPANY.COM,2025-06-14,Manager,Sales,"₹87,416",,2504 Rebekah Course Suite 895,New Michaelchester,DE,07353,1980-12-26,Active
1203,edward,Freeman,,2021-10-23,Data Analyst,IT,$71827,,628 Meyer Hills,Clineside,MT,70506,1966-12-21,
1204,Michelle,Vega,,2019-01-06,Data Engineer,Sales,$54954,2002,07098 Holder Meadow Apt. 798,Garymouth,MH,10748,2004-04-13,
1205,Kelly,Burns,KellyBurns@company.com,2020-01-29,Software Engineer,Analytics,"66,218",2002,8378 Benjamin Hills Suite 318,New Kylehaven,NJ,70022,1968-06-15,INACTIVE
1206,Frederick,Morris,,2025-04-05,Software Engineer,Sales,98186,,8664 Louis Ways,Kathrynmouth,MD,89108,2002-01-29,Active
1207,Paul,Jackson,Paul@company,2026-01-07,Data Engineer,IT,"$31,628",2002,0056 Mitchell Parks,Davidberg,NV,70115,1987-05-09,
1208,melissa,RASMUSSEN,,2016-02-23,Data Engineer,it,"34,012",,790 Anthony Land,Millerton,NJ,75862,1991-06-26,active
1209,Cynthia,JONES,Cynthia.JONES@company.com,2020-02-25,Software Engineer,Sales,"₹85,362",,18767 Hill Inlet Apt. 618,Port Ross,FM,30341,2001-10-15,
1210,Shawn,Mccormick,,2016-07-20,Manager,Sales,82409,,34830 Andrew Haven Suite 531,South Mollyborough,PW,86292,1978-06-05,Active
1211,Jessica,Mcdonald,Jessica.Mcdonaldcompany.com,2021-10-26,Manager,Finance,"41,755",2001,5165 Ian Streets,Morenochester,NV,98795,1969-12-31,
1212,Donna,Hoffman,,2020-09-03,Manager,IT,39204,,5261 Barry Dam Apt. 240,Stephenfurt,NJ,61549,1976-02-20,active
1213,Russell,GEORGE,,2017-12-24,Software Engineer,Finance,$20912,,07773 Lindsey Vista,Dianaport,PW,51119,2006-10-21,Active
1214,Aaron,Smith,,2017-08-05,Manager,marketing,$61444,2001,536 Kenneth Track,East Keith,IA,75649,1966-12-28,Active
1215,sara,PADILLA,sara.PADILLAcompany.com,2021-04-09,Data Analyst,Analytics,106585,,8599 Paul Harbors,North Lisa,HI,68380,1967-05-13,active
1216,Howard,BATES,Howard_BATES@COMPANY.COM,2024-11-26,Data Engineer,Finance,"$69,782",2002,961 Martinez Knolls Apt. 177,North Paige,MA,62530,1979-12-18,
1217,Jennifer,Pratt,JenniferPratt@company.com,2018-08-10,Manager,Analytics,,2003,89934 Kramer Falls Suite 723,Fordhaven,PR,44946,2001-03-26,active
1218,Amanda,Myers,Amanda_Myers@COMPANY.COM,2018-02-01,Data Engineer,marketing,"$117,205",2002,94514 Rojas Dale Suite 378,Port Amandashire,MH,11931,1999-01-12,
1219,Teresa,Hunter,,2017-04-20,Manager,it,,,551 Melissa Route Apt. 928,West Valerieburgh,CT,40725,2005-02-18,active
1220,Kimberly,Walker,Kimberly@company,2022-10-06,Manager,IT,,2002,7768 Robert Forges,Robertsfort,NY,66855,2002-09-27,INACTIVE
1221,Sandra,Robinson,Sandra.Robinsoncompany.com,2024-06-10,Data Analyst,HR,$76263,,118 Smith Gateway Suite 259,East Julie,LA,38805,2007-07-06,active
1222,Keith,MILLER,,2024-04-17,Data Engineer,Finance,"$115,478",2002,4523 Wilson Meadows Apt. 402,Gilmoreshire,NM,99674,1981-01-31,Active
1223,Bradley,DUNN,Bradley@company,2018-09-23,Software Engineer,Finance,,,1556 Wolfe Mount,Skinnerport,IN,94179,2003-04-03,INACTIVE
1224,Kristina,PETERS,Kristina@company,2025-09-11,Data Analyst,Analytics,,2002,2516 Raymond Lodge,West Philipmouth,TN,78077,1976-12-24,
1225,Kathy,Benson,KathyBenson@company.com,2016-07-20,Data Analyst,HR,"111,382",,9987 Carroll Trail Apt. 027,Campbellland,CO,32524,1988-01-30,Active
1226,Evelyn,ROGERS,Evelyn.ROGERS@company.com,2019-09-04,Data Analyst,HR,"$70,530",2001,46708 Caldwell Bridge Suite 426,South Audrey,MS,53180,2006-05-31,INACTIVE
1227,Trevor,Rodriguez,Trevor.Rodriguezcompany.com,2021-11-09,Data Engineer,Analytics,"$116,972",,894 Castro Estate,South Kerri,UT,35189,2003-10-05,active
1228,Kyle,Anderson,Kyle.Anderson@company.com,2020-03-14,Software Engineer,Sales,$42147,2003,71483 Rachel Ranch Suite 080,Palmerside,ID,99528,2002-01-17,INACTIVE
1229,Shannon,Adams,,2026-07-26,Manager,Sales,,2001,83024 Gonzales Row Apt. 986,Youngbury,KY,89652,1968-06-03,
1230,Mark,Adams,,2017-05-25,Data Engineer,HR,99223,,4622 Meghan Harbors Apt. 084,South Matthewfort,KS,56057,2002-06-16,Active
1231,Joshua,SAUNDERS,Joshua.SAUNDERS@company.com,2025-11-11,Data Engineer,Analytics,52924,2003,1525 Michelle Ways Apt. 749,South Gregoryburgh,AS,15196,1980-12-24,
1232,travis,KENT,travis_KENT@COMPANY.COM,2016-08-08,Manager,marketing,$85917,2001,52583 Brenda Harbor,Derrickbury,NV,97927,2005-05-13,active
1233,Kenneth,Patrick,Kenneth@company,2016-07-26,Data Engineer,marketing,"₹118,456",,9886 Reid Trail,Michaelville,NJ,41509,1970-04-13,Active
1234,Franklin,LOWERY,FranklinLOWERY@company.com,2017-05-22,Software Engineer,Sales,109100,2002,824 Zamora View Apt. 833,Orozcobury,GA,52124,1999-10-21,Active
1235,Deborah,JOHNSON,Deborah.JOHNSON@company.com,2025-10-02,Software Engineer,IT,"₹79,040",2002,083 Kenneth Spur Suite 527,South Devinmouth,HI,67932,1976-05-04,Active
1236,william,Vazquez,,2024-10-30,Data Engineer,Sales,"119,330",2003,0930 Christine Turnpike,Lake Leahview,AK,89879,1966-09-10,active
1237,Robert,Powers,,2026-09-30,Software Engineer,marketing,"₹66,894",2003,4641 Shawn Wall Apt. 098,Grimesmouth,TN,92608,1995-05-24,
1238,Dawn,Porter,Dawn_Porter@COMPANY.COM,2026-09-19,Software Engineer,marketing,"65,026",,131 Robinson Centers Apt. 773,Jeffersonbury,VI,32818,1970-03-22,
1239,Susan,Ellis,Susan.Ellis@company.com,2019-06-29,Data Analyst,it,53411,,484 Stephanie Ranch Suite 594,Justinborough,TN,20338,1966-10-30,active
1240,Brian,Jackson,BrianJackson@company.com,2018-11-18,Data Engineer,it,"$51,871",2003,52841 Lisa Knoll,South Stephanie,RI,52674,2001-01-30,Active
1241,Kevin,WILLIAMS,Kevin_WILLIAMS@COMPANY.COM,2024-03-21,Data Analyst,Finance,"63,624",2001,5324 Derrick Cliff,Nicholshaven,PR,96607,1988-10-24,
1242,kayla,Gray,kayla@company,2023-08-21,Software Engineer,it,"$49,388",2003,79435 Walker Shoals Suite 148,North Dominic,AL,70799,2007-11-15,
1243,Ronald,BISHOP,Ronald.BISHOP@company.com,2018-06-09,Software Engineer,HR,,2001,65051 Michael Centers Suite 714,New Kellymouth,NY,33090,1972-01-28,INACTIVE
1244,Ashley,Johnson,AshleyJohnson@company.com,2020-12-27,Data Analyst,marketing,"₹34,506",,877 Kennedy Fields Suite 693,North Moniqueborough,HI,96764,1978-12-28,Active
1245,Kelly,Noble,Kelly.Noblecompany.com,2016-09-25,Software Engineer,marketing,,,217 Lisa Lodge,Schneiderville,AL,86188,1987-03-26,INACTIVE
1246,Jason,Hooper,Jason.Hooper@company.com,2026-10-20,Manager,IT,"22,321",2002,791 Douglas Lodge,Hodgesbury,MP,09074,1975-10-07,active
1247,Brandon,SMITH,BrandonSMITH@company.com,2024-05-25,Software Engineer,Analytics,,2003,,South Nicole,TN,75455,2006-06-24,Active
1248,Mary,Edwards,Mary.Edwards@company.com,2024-06-01,Data Engineer,marketing,"114,307",2001,297 Shane Road Apt. 787,South Angelaton,RI,37788,1991-11-23,
1249,Pamela,Johnston,Pamela.Johnston@company.com,2019-10-14,Data Analyst,marketing,$47088,2001,52541 Charles Square,West Hollymouth,FL,31796,1970-08-18,INACTIVE
1250,Jocelyn,Gray,,2016-10-04,Software Engineer,Sales,"97,999",2003,36747 Melvin Freeway,Clarkberg,MD,96228,1967-06-09,
1251,Amber,Adams,Amber@company,2026-09-11,Data Analyst,marketing,"₹105,101",2003,61457 Rebekah Orchard,South Stephen,ND,25809,1997-06-07,
1252,julia,Hudson,,2023-03-29,Data Engineer,Sales,53153,,360 Lee Corners,Susanview,AS,12877,1991-11-20,Active
1253,Norman,Allen,NormanAllen@company.com,2026-05-25,Manager,IT,$63092,,508 Hernandez Drive Apt. 902,Tracyside,MD,79681,1983-10-01,Active
1254,Steven,Combs,,2017-08-13,Data Analyst,Sales,$42835,2002,046 Natasha Prairie Apt. 258,East Kevinfurt,NV,76264,1984-03-31,
1255,Monica,Taylor,,2018-12-09,Manager,it,"₹99,451",2001,659 Dwayne Extension,Port Gary,MA,93221,2007-04-09,Active
1256,Michael,Burch,Michael@company,2018-12-20,Data Analyst,marketing,32190,2002,65718 Hancock Crescent Suite 796,West Jeremyland,VT,52091,1983-11-21,
1257,Gregory,Bradshaw,,2018-01-25,Manager,IT,"92,157",,7505 Lee Rapids,Port Adammouth,RI,60933,2001-11-26,INACTIVE
1258,Matthew,Morris,Matthew.Morris@company.com,2017-10-06,Data Analyst,Analytics,"$85,942",,6917 Rogers Plaza,Port Kathleenport,RI,59672,1976-05-22,
1259,Brandon,Hutchinson,,2018-06-16,Manager,marketing,$69468,2003,316 Kelly Canyon Suite 719,East Daniel,DC,46725,1975-05-21,active
1260,Walter,Anderson,WalterAnderson@company.com,2016-11-22,Data Engineer,marketing,39345,,373 Anthony Lights,Clarenceshire,WA,99727,1984-07-08,
1261,Christopher,Smith,Christopher_Smith@COMPANY.COM,2020-03-25,Data Engineer,HR,"114,577",2001,35662 Andrew Stream,East Emily,CA,43861,2004-01-27,INACTIVE
1262,Robin,Carrillo,,2025-09-14,Software Engineer,Finance,85558,,63297 Suarez Underpass,Skinnerbury,ME,12387,1989-12-25,Active
1263,Patty,Jones,Patty.Jones@company.com,2016-07-27,Software Engineer,Sales,"₹104,463",,2482 Mcintyre Via,Heidimouth,WI,42489,1983-04-16,
1264,James,BELL,JamesBELL@company.com,2016-03-06,Data Engineer,HR,,2001,441 Middleton Trace Apt. 001,Carolynmouth,AR,54215,1970-11-14,INACTIVE
1265,Jenna,Taylor,Jenna.Taylorcompany.com,2022-11-19,Data Engineer,HR,"₹25,992",2001,27495 Bowen Lake Suite 609,New Kevin,VT,35621,1990-11-04,Active
1266,robin,Snyder,robin_Snyder@COMPANY.COM,2017-05-05,Data Analyst,it,$98413,,689 Thomas Dale,Melissahaven,MO,47855,1967-10-15,active
1267,Kayla,Wong,Kayla_Wong@COMPANY.COM,2021-07-19,Data Analyst,it,30974,2001,7523 Ramirez Skyway Suite 263,Ruizmouth,MD,94979,1988-01-11,active
1268,Aaron,Kelley,Aaron_Kelley@COMPANY.COM,2023-04-13,Manager,IT,"70,199",2003,388 Alan Wall Apt. 901,Roberthaven,PW,35058,1970-11-04,active
1269,Kristen,Lewis,Kristen.Lewis@company.com,2019-10-16,Software Engineer,IT,"34,029",,7860 Steven Key,Thomasshire,FL,03338,1990-07-07,Active
1270,Sarah,King,,2021-04-16,Software Engineer,IT,$58422,,,West Tammy,NM,25740,1997-09-10,INACTIVE
1271,Jacob,Gomez,JacobGomez@company.com,2016-02-02,Software Engineer,it,$109778,2002,,Annehaven,SD,95621,1998-12-21,INACTIVE
1272,Brooke,FERGUSON,Brooke_FERGUSON@COMPANY.COM,2024-05-06,Data Analyst,marketing,60254,,7652 Katherine Well,Shepardfort,IL,80567,1966-03-19,INACTIVE
1273,Neil,Ramsey,,2019-11-01,Data Engineer,IT,"₹55,222",2001,6495 Martin Trace,Josephview,MO,34904,2003-04-21,Active
1274,mike,Morgan,,2021-04-26,Data Analyst,HR,"83,539",2002,3760 Sandra Square Suite 147,Weaverfurt,AS,50281,1970-05-22,
1275,Abigail,Huynh,Abigail.Huynh@company.com,2018-08-22,Manager,IT,67068,,424 Mcintosh Hills Suite 929,South Ashleyville,TX,00723,1999-05-12,INACTIVE
1276,Kathryn,Glenn,Kathryn.Glenncompany.com,2023-10-29,Data Analyst,HR,59137,,75790 Brittany Fields Suite 837,East Bobbyshire,TN,41913,2007-05-21,
1277,Jeffrey,Hernandez,,2024-06-29,Manager,HR,$118286,2002,35341 Mason Spring Suite 537,Montgomeryberg,IN,66642,1973-08-09,active
1278,Matthew,PORTER,Matthew.PORTERcompany.com,2018-02-07,Software Engineer,IT,$97619,,9608 Krystal Junctions,Underwoodton,ID,61692,1995-07-27,
1279,Dennis,Lowe,,2019-12-14,Data Engineer,IT,109220,,2578 Ramirez Common Suite 285,North Debra,KY,50583,1993-01-03,Active
1280,sharon,Cox,sharon_Cox@COMPANY.COM,2024-05-02,Data Analyst,Finance,"₹111,981",,98803 Lopez Haven Apt. 827,Markstad,MS,52962,1974-10-27,
1281,Ryan,Lucero,RyanLucero@company.com,2024-02-15,Manager,Analytics,"₹103,283",2003,018 Miller Wells,Floydview,WV,44865,1981-06-05,Active
1282,Andrew,Hubbard,Andrew_Hubbard@COMPANY.COM,2019-04-27,Data Analyst,Finance,"₹58,660",,4843 Allison Park,Port Thomasmouth,TX,70866,1982-03-30,
1283,Anthony,Sharp,Anthony.Sharpcompany.com,2024-01-19,Manager,it,20975,,628 Joe Trafficway,Jeffreyburgh,NH,19804,1980-02-26,Active
1284,Angela,Smith,,2017-06-27,Software Engineer,HR,$70575,,084 Carrie Rue,New Timothy,CA,37444,1979-08-05,active
1285,brittney,Jones,,2019-02-01,Software Engineer,Analytics,$87985,,8558 Young Trail,Mikeside,VI,31353,1990-03-27,INACTIVE
1286,kimberly,Riley,,2016-10-28,Data Engineer,IT,"98,477",2001,692 John Estate,Katherineside,WA,85307,1983-04-30,Active
1287,elizabeth,Knight,,2016-08-21,Data Analyst,marketing,119341,2003,225 Carol Hollow Suite 376,Perezburgh,FM,28330,1994-03-01,INACTIVE
1288,Brandy,FIELDS,Brandy.FIELDScompany.com,2019-12-28,Data Analyst,HR,"₹93,162",2003,890 Caitlin Fort,Jesseborough,CT,21549,1986-05-13,active
1289,Jeffrey,ESCOBAR,Jeffrey.ESCOBAR@company.com,2024-12-18,Data Engineer,marketing,"$71,441",2003,2322 Richards Avenue,Piercemouth,KY,99845,1993-12-31,
1290,Jose,EVANS,Jose.EVANScompany.com,2016-02-14,Software Engineer,Analytics,"$68,929",2002,55311 Miller Islands Suite 227,South Jenna,PR,81485,1975-05-24,
1291,Brianna,SILVA,BriannaSILVA@company.com,2024-12-26,Data Engineer,IT,79355,2003,1924 Joel Pass,New Jamieport,OR,93502,1969-03-31,INACTIVE
1292,kelly,ANDREWS,kelly.ANDREWS@company.com,2017-02-05,Data Analyst,Sales,"$79,443",2003,,North Davidland,WY,47889,1970-05-28,Active
1293,Gregory,Cameron,,2025-04-11,Manager,IT,"$26,757",2003,516 Garrison Fields Suite 694,South Nataliechester,MN,21647,2007-08-08,
1294,Marilyn,Johnson,Marilyn_Johnson@COMPANY.COM,2022-05-24,Software Engineer,HR,,,95616 Frank Motorway,Frenchport,NV,76437,1982-03-11,Active
1295,Evelyn,Lane,Evelyn_Lane@COMPANY.COM,2022-04-27,Manager,it,$47455,2002,4531 Fleming Divide,Julieton,WV,32411,1969-07-19,Active
1296,Brian,Franco,Brian.Francocompany.com,2024-11-05,Data Engineer,it,"$115,660",,395 Jessica Skyway,Benjaminview,WV,24920,1986-08-08,
1297,John,Williamson,John.Williamsoncompany.com,2017-12-07,Data Analyst,IT,"85,496",2001,84878 Rocha Drive,North Clintonhaven,HI,87477,2005-10-18,Active
1298,Anita,JONES,Anita.JONEScompany.com,2016-08-07,Software Engineer,Analytics,"46,107",2002,08446 Jack Motorway Suite 844,Barryfurt,ME,14365,1988-08-26,
1299,Courtney,OWENS,Courtney@company,2017-03-17,Data Engineer,Analytics,"25,750",,65015 Bailey Orchard Suite 412,East Edward,GU,28240,1976-03-10,INACTIVE
1300,Jamie,,Jamie@company,2022-08-23,Manager,marketing,"₹107,449",,2535 Turner Keys,West Phillipberg,TN,65383,1987-01-03,
1301,Caitlin,CUMMINGS,Caitlin.CUMMINGS@company.com,2021-04-12,Software Engineer,HR,"$104,929",2001,2746 Walters Ports Apt. 874,East Tanya,CT,87054,1972-01-26,INACTIVE
1302,Michaela,Brown,,2021-07-16,Data Analyst,Finance,"₹40,312",,80225 Jessica Wall Suite 074,Port Donnaborough,ID,43909,1973-07-26,
1303,Joshua,Cruz,Joshua.Cruzcompany.com,2022-09-17,Software Engineer,marketing,47930,,1329 Gomez Fields Apt. 862,South Arthur,ND,37541,1992-08-03,
1304,Dustin,Lawrence,DustinLawrence@company.com,2016-07-25,Software Engineer,marketing,"₹41,284",2003,22801 Jones Shore Suite 191,Brownport,MA,33429,2001-07-21,
1305,joshua,RHODES,joshua.RHODEScompany.com,2025-04-02,Data Engineer,Sales,"70,344",2003,784 Jefferson Oval Suite 402,South Kellyberg,IL,43275,2007-07-06,INACTIVE
1306,Richard,Kim,,2025-05-07,Data Analyst,Analytics,98297,2002,757 Baker Hollow,Cynthiaberg,OK,38468,1980-08-02,
1307,Shannon,SMITH,Shannon@company,2019-05-21,Manager,Sales,"₹67,432",2003,3719 Green Grove,West Michelle,FL,40557,1992-02-18,
1308,Kenneth,FITZGERALD,Kenneth.FITZGERALD@company.com,2019-09-17,Manager,Analytics,96653,,09319 Buchanan Roads,Glovershire,CO,35325,1974-09-04,Active
1309,Michael,NORMAN,Michael.NORMANcompany.com,2016-09-27,Data Analyst,Analytics,112316,2001,7872 Teresa Point,Jimenezberg,TN,26081,2003-06-13,INACTIVE
1310,Christopher,Oliver,ChristopherOliver@company.com,2025-05-01,Data Analyst,it,$27435,2001,11792 Sean Ports,Joshuamouth,PA,26064,1976-06-17,
1311,Kelly,Fernandez,Kelly.Fernandez@company.com,2022-11-03,Data Engineer,IT,,2003,67980 Ibarra Bypass Suite 642,Evanston,AR,76714,1979-05-02,
1312,Jessica,Evans,Jessica.Evanscompany.com,2021-03-22,Data Analyst,Analytics,83541,2003,588 George Port Apt. 552,Colemanchester,ND,19536,2005-05-27,Active
1313,Andrea,Patterson,,2024-02-17,Data Engineer,IT,"113,139",,,West Tonyaburgh,NH,05112,1975-09-27,INACTIVE
1314,Monica,Lowe,,2017-07-14,Data Engineer,marketing,"₹60,772",2003,587 Lane Green Suite 374,South Larry,CO,82923,1971-06-14,
1315,Robert,Edwards,Robert.Edwards@company.com,2016-12-06,Software Engineer,Analytics,,,695 Moore Summit,Katherineville,IL,11715,1971-03-30,Active
1316,Kenneth,Russell,Kenneth_Russell@COMPANY.COM,2024-06-27,Software Engineer,HR,"51,637",,55129 Mary Coves Apt. 974,New Kellybury,AS,80830,1975-02-24,INACTIVE
1317,Haley,ESTRADA,Haley@company,2022-10-07,Data Engineer,IT,104329,2001,,East Staceyville,IN,13845,1995-08-25,active
1318,Bryce,Schwartz,BryceSchwartz@company.com,2021-12-21,Data Engineer,Finance,102600,2003,,Frankmouth,OK,94620,1985-07-26,active
1319,michelle,Parker,michelleParker@company.com,2018-04-17,Software Engineer,IT,$58616,2001,386 Sarah Isle Apt. 224,Cartershire,VI,82416,1977-07-22,
1320,john,Pena,john.Pena@company.com,2024-08-02,Manager,Sales,$38860,,8947 Edwards Ways Suite 416,Jacquelineborough,MH,36439,1998-11-03,INACTIVE
1321,Tim,Barnes,Tim.Barnescompany.com,2020-11-08,Software Engineer,IT,,2001,56785 Olson Summit,Sarahtown,OH,55715,1989-11-26,INACTIVE
1322,erica,Johnson,erica@company,2025-10-25,Software Engineer,Sales,,2001,783 Meyer Route,South Tammy,KS,37810,1972-06-26,Active
1323,Adam,Smith,Adam@company,2023-04-29,Manager,Sales,"₹67,107",2003,968 Barrett Hollow Suite 393,Brettberg,MD,42390,1974-11-20,
1324,Stephanie,Lang,,2017-09-25,Data Engineer,Analytics,"₹85,061",,3652 Brandon Branch Apt. 457,New Scott,SD,54622,2005-10-17,INACTIVE
1325,Kimberly,Martinez,Kimberly.Martinezcompany.com,2024-01-23,Software Engineer,marketing,"₹76,525",,966 Smith View,Gonzalezfurt,GU,25897,2006-08-17,
1326,Mary,,Mary.Cunningham@company.com,2024-05-17,Software Engineer,marketing,115734,,,Chelseaside,MI,65090,2002-10-02,active
1327,Lisa,Navarro,Lisa@company,2017-07-13,Manager,marketing,,,18381 Taylor Extension,New Ivan,AL,19057,1993-10-28,
1328,Julie,Hernandez,Julie.Hernandez@company.com,2019-11-07,Manager,Sales,"32,050",2001,2833 Anderson Curve Suite 889,South Thomas,ID,03535,1998-10-21,INACTIVE
1329,,Baxter,TylerBaxter@company.com,2021-07-03,Manager,it,$53992,2001,720 Rice Hollow,Bauerbury,UT,23594,1986-11-04,
1330,Autumn,Reyes,,2021-05-20,Software Engineer,IT,"$89,507",,1895 William Shore,East Roberta,PA,75057,2001-02-24,INACTIVE
1331,Megan,Harris,Megan_Harris@COMPANY.COM,2025-01-08,Data Analyst,it,"104,455",,,Morganland,CO,16471,1995-05-11,INACTIVE
1332,,Knight,Shane.Knightcompany.com,2020-07-26,Software Engineer,marketing,"₹79,461",,293 Eileen Village,Heathermouth,NC,87990,2004-05-01,active
1333,Chelsea,White,Chelsea.White@company.com,2017-12-30,Manager,Analytics,$77328,2001,721 Brown Stream Apt. 922,Willisfort,NM,74861,1995-09-23,Active
1334,Nathan,Thomas,Nathan@company,2027-05-19,Manager,Sales,,2001,3657 Matthew Views Suite 047,Davidberg,TN,71865,1968-07-20,
1335,Stephen,Bradshaw,,2017-12-08,Manager,Analytics,"₹56,455",2001,33607 George Port,Jamiemouth,NE,97495,1985-09-03,
1336,Stephen,Pittman,StephenPittman@company.com,2019-09-22,Data Engineer,it,"₹92,083",2003,692 Michael Union,Port Rebeccafurt,FM,80389,1984-03-05,
1337,tyler,Jones,tylerJones@company.com,2017-04-20,Software Engineer,IT,"$94,203",2001,334 Tina Burg,Port Patricia,OR,99297,1967-01-28,active
1338,seth,Haynes,seth@company,2020-09-24,Data Analyst,Finance,"₹92,521",2003,96148 Alvarez Skyway Apt. 858,New Jeffrey,WV,83077,1967-04-02,
1339,Jeffrey,Robbins,,2022-09-22,Data Engineer,IT,75178,,22705 Palmer Prairie,Angelafurt,ME,63652,1972-06-12,Active
1340,Cheryl,Clark,CherylClark@company.com,2020-03-02,Data Engineer,Analytics,109466,,1337 Roberts Point Apt. 189,Welchport,VA,98199,1973-02-23,active
1341,Pamela,Parker,Pamela.Parkercompany.com,2025-03-24,Data Engineer,marketing,"51,119",2003,05285 Tiffany Walk Apt. 929,South Rebeccabury,DE,11609,2003-10-22,active
1342,Penny,Cole,PennyCole@company.com,2022-06-19,Data Engineer,IT,"₹61,843",2002,18692 Dillon Shores,Pattonshire,IN,19378,2000-03-13,
1343,Michelle,Jenkins,,2025-07-13,Manager,Sales,,,9799 Tiffany Harbor Suite 064,Lisastad,NV,12121,1994-06-15,INACTIVE
1344,Angela,Turner,,2025-02-20,Software Engineer,it,$41670,2002,661 Cannon Extension,South Stacyfurt,AZ,96085,1997-10-26,Active
1345,Madeline,HURLEY,Madeline.HURLEY@company.com,2018-07-15,Data Engineer,Finance,"$83,633",2001,6567 Christopher Stream,Bryanborough,TX,90830,1992-11-19,
1346,William,Obrien,William.Obrien@company.com,2023-02-03,Data Engineer,IT,,,940 Dylan Lake,North Christopherborough,VA,47762,1972-11-02,INACTIVE
1347,Jennifer,Newman,,2025-03-22,Data Engineer,Sales,$21059,,4897 Richardson Passage,Fergusonport,PA,09193,1985-01-11,
1348,Stephanie,Baker,Stephanie_Baker@COMPANY.COM,2018-06-20,Software Engineer,Analytics,"₹70,448",2002,5431 Randy Lake Suite 316,Danielshire,WV,17427,1971-12-22,INACTIVE
1349,Thomas,Ritter,,2020-08-09,Data Engineer,Finance,,2002,75751 Jeffrey Circles,Melindashire,AR,38394,1982-11-13,
1350,Mary,PHILLIPS,Mary_PHILLIPS@COMPANY.COM,2020-09-23,Data Engineer,it,"₹87,571",,78958 Ibarra Cliffs,West Robertview,ND,59950,1969-11-24,INACTIVE
1351,Joshua,TORRES,Joshua.TORRES@company.com,2025-09-12,Data Analyst,Sales,,2001,9983 Jennifer Square,Wadechester,WY,65663,1976-04-23,active
1352,Joseph,Davis,JosephDavis@company.com,2024-01-11,Data Analyst,IT,"55,425",,6575 Gonzales Extensions,Richardborough,WV,78555,1988-10-29,
1353,Diane,Taylor,,2024-12-29,Software Engineer,it,"₹50,159",,440 Michael Courts Suite 451,East Jeffreyberg,AR,20209,1999-06-30,
1354,Gabrielle,Charles,Gabrielle_Charles@COMPANY.COM,2022-01-09,Manager,HR,"114,941",2001,74342 Janet Forge,Brianshire,PW,43832,1976-07-20,active
1355,David,Roberts,David.Robertscompany.com,2021-07-31,Manager,Finance,"$57,292",2002,146 Justin Manor Suite 270,Sullivanhaven,FL,57488,1997-12-11,active
1356,Dustin,Lane,Dustin@company,2017-06-07,Data Engineer,marketing,"$73,587",2001,1838 Michelle Falls Apt. 136,Clarktown,NY,25739,1972-07-30,Active
1357,Ashley,Sampson,Ashley.Sampson@company.com,2019-07-11,Data Engineer,Sales,$65943,2003,680 Shields Islands Apt. 485,Blackport,AZ,48816,1984-08-17,Active
1358,Nicole,Jackson,Nicole@company,2021-08-30,Data Analyst,Analytics,$38400,2002,55757 Charles Ranch,West Nicole,ME,51804,1997-09-12,
1359,Levi,Mahoney,Levi.Mahoneycompany.com,2017-03-04,Software Engineer,Finance,"119,590",,521 Emily Neck,South Robert,LA,34229,1978-06-02,Active
1360,shelley,Ayala,shelley@company,2016-08-28,Software Engineer,HR,"$91,657",2002,,Harrisbury,DC,16743,2000-05-24,INACTIVE
1361,Alexis,Waters,,2016-05-10,Software Engineer,HR,$30779,2002,2915 Morris Roads,New Maryside,CA,42494,1970-04-17,active
1362,Jennifer,,Jennifer_Anderson@COMPANY.COM,2022-10-25,Software Engineer,it,$84258,2003,00929 Brown Harbors Apt. 313,Jamesshire,GU,90739,1991-03-22,Active
1363,Andrew,Harrell,Andrew.Harrell@company.com,2024-06-14,Software Engineer,Analytics,112657,2003,8142 Gray Plains,East Rogerview,NH,99395,1982-04-15,
1364,,Cole,Stacey.Cole@company.com,2021-01-06,Manager,it,85310,2001,8233 Stephanie Spurs Suite 739,East Kristaland,MT,64622,1983-03-08,active
1365,Carol,Daniels,CarolDaniels@company.com,2022-06-26,Data Engineer,Sales,,,44375 Sara Plains,Matthewburgh,KS,09337,1979-12-24,INACTIVE
1366,David,Little,DavidLittle@company.com,2025-08-27,Data Analyst,marketing,"$67,896",2003,50569 Samuel Heights,South Tanya,PW,73754,1972-09-30,
1367,Kristine,Jones,Kristine.Jonescompany.com,2020-01-13,Data Analyst,marketing,$63107,2002,614 James Track Apt. 071,East Theresa,WY,40105,1973-01-18,INACTIVE
1368,Jared,Perry,,2016-11-29,Data Engineer,marketing,,,3271 Williams Pike Apt. 132,New Jillfort,MS,31205,1990-02-18,
1369,,Vargas,,2024-04-04,Data Engineer,IT,$96943,2003,17801 Cassidy Gateway Suite 898,South Michaelstad,GA,84191,1971-09-28,active
1370,Kevin,SMITH,,2016-12-07,Data Engineer,it,71761,,563 Anthony Trail Apt. 654,South Deniseborough,MI,23048,1975-11-13,
1371,Sheri,Kent,,2020-12-20,Software Engineer,IT,100406,,3087 Baker Circles,Aliciaville,AS,22118,1981-04-18,
1372,,Elliott,,2017-11-23,Software Engineer,it,,2001,14420 Melvin Gateway Suite 296,Mariahville,NE,68983,1989-11-04,active
1373,Brittney,Higgins,Brittney.Higgins@company.com,2021-12-18,Data Engineer,IT,"₹71,823",,38239 Kim Camp,South Mario,MT,57439,1998-04-26,
1374,Patrick,Thomas,Patrick.Thomas@company.com,2022-10-10,Manager,HR,"₹64,632",2001,,South Christopherfort,UT,07582,2001-11-27,Active
1375,Michelle,HOUSE,,2024-12-24,Data Engineer,Finance,"$87,754",,0897 Ellis Fall Apt. 697,Landryhaven,NC,50569,1996-05-12,active
1376,Robert,MALONE,,2017-07-29,Data Analyst,Sales,$90383,,09691 Allison Port Suite 097,West Tonyaport,MI,68045,1987-09-11,INACTIVE
1377,Kenneth,Wright,Kenneth_Wright@COMPANY.COM,2018-05-09,Manager,Finance,$84789,2003,,New Tammyfurt,UT,94587,2006-02-26,Active
1378,Daniel,Harris,,2021-10-26,Software Engineer,Sales,$89026,,20311 Lisa Summit,East John,DC,38085,1999-12-08,active
1379,Brandon,GOODMAN,Brandon.GOODMAN@company.com,2017-05-13,Data Engineer,IT,$80635,,6831 Martinez Inlet Suite 430,West Sarahton,PA,09620,1973-08-03,active
1380,Krista,Baker,Krista@company,2020-06-05,Data Analyst,it,96853,,47794 Smith Track Apt. 458,Sarahstad,NV,47494,1973-09-04,
1381,David,Potter,,2025-05-15,Manager,marketing,"$34,889",2001,955 Travis Parks Suite 071,North Christopher,UT,79675,1987-11-24,
1382,Mark,Marshall,Mark@company,2016-09-24,Data Engineer,Finance,"101,755",2002,,Christopherchester,MD,88181,1986-09-04,Active
1383,Marcia,Martin,MarciaMartin@company.com,2017-11-14,Manager,marketing,"23,393",2001,6699 Emily Lane Apt. 581,New Monicaland,WV,92637,1978-06-29,INACTIVE
1384,Tracy,KANE,Tracy.KANEcompany.com,2024-06-28,Data Analyst,Finance,$88468,,82224 Jeremy Club Apt. 568,North Robertshire,NY,60967,2006-05-13,
1385,Joseph,Cruz,Joseph_Cruz@COMPANY.COM,2018-07-06,Data Engineer,Finance,"$83,016",,625 Lutz Tunnel Suite 602,Lake Zacharyburgh,GU,98810,1987-10-20,INACTIVE
1386,,Malone,,2023-02-10,Software Engineer,Analytics,"58,029",2003,1877 John Brooks Apt. 157,Ortizburgh,RI,94099,1977-12-10,
1387,Melissa,CISNEROS,Melissa@company,2021-08-29,Data Analyst,Sales,"83,259",,68945 John Ways Apt. 087,Lake Amanda,WA,17057,1969-06-02,
1388,Monica,Marquez,,2023-04-11,Software Engineer,it,"₹68,246",2001,9220 Robert Summit Suite 267,Tonishire,WI,02607,1992-07-04,
1389,Dana,Hall,Dana_Hall@COMPANY.COM,2024-05-04,Software Engineer,Finance,"$78,683",,2607 Johnson Tunnel,Port Dorothyfurt,LA,69833,1982-01-24,
1390,Bruce,Boyer,Bruce.Boyer@company.com,2024-06-04,Data Analyst,Analytics,$67134,2003,75619 Keller Street,South Christinebury,NY,43272,1970-08-24,Active
1391,Logan,Hardy,Logan.Hardy@company.com,2016-09-19,Manager,Analytics,"₹100,574",,56111 Kennedy Alley,East Julieland,CO,51708,1966-08-24,Active
1392,Nicholas,Mercer,Nicholas_Mercer@COMPANY.COM,2023-07-17,Data Analyst,marketing,,2002,23518 Bruce Forge Apt. 627,Brownview,VT,02021,1993-09-22,INACTIVE
1393,Russell,BROWN,Russell@company,2019-10-03,Data Analyst,Sales,"$90,154",,123 Anderson Stravenue Suite 671,West Michael,NH,72609,1981-03-14,
1394,Leah,Hartman,Leah_Hartman@COMPANY.COM,2023-07-30,Data Engineer,Finance,101707,,7176 David Causeway Suite 743,Clayfort,ID,81327,1974-08-19,Active
1395,George,FLOWERS,George.FLOWERScompany.com,2017-09-25,Manager,it,,2003,3233 Jennifer Manors Suite 909,South Johnny,CO,37226,1999-04-08,
1396,cynthia,Turner,cynthia_Turner@COMPANY.COM,2025-02-05,Software Engineer,IT,"50,557",2001,810 Carter Union,Lawsonchester,VT,44046,1967-10-26,
1397,thomas,Lane,thomas@company,2022-11-30,Data Engineer,IT,"38,559",,18274 Bird Forest,Smithport,DC,65695,1994-10-04,
1398,phillip,House,phillip.Housecompany.com,2022-03-18,Software Engineer,HR,92491,2003,981 Smith Meadows,Samanthachester,NE,28865,1993-02-05,
1399,Krystal,York,Krystal.Yorkcompany.com,2023-04-08,Data Analyst,it,"₹93,100",2001,505 Rachel Heights,New Zacharyfort,VA,32484,1969-02-04,Active
1400,Raymond,Ross,,2019-12-10,Data Engineer,HR,"$53,071",,759 Karen Bypass,West Laurabury,IL,76496,1972-03-07,
1401,Jessica,Hernandez,Jessica.Hernandez@company.com,2017-01-15,Data Engineer,it,"₹58,678",,3338 Lewis Mountains Apt. 756,Jaredchester,CA,92188,1977-07-29,INACTIVE
1402,bruce,,bruce@company,2025-04-05,Manager,Sales,"78,258",,7908 Richard Lakes Suite 291,Sotostad,AR,67862,1979-01-13,
1403,,PETERS,Kendra@company,2021-05-04,Manager,IT,90351,,74354 Amanda Square Suite 659,Lake Emilyfort,DC,87781,1977-05-24,Active
1404,Victoria,Jones,Victoria.Jones@company.com,2019-09-23,Software Engineer,Sales,"$21,286",2001,46169 Porter Fords,Morsemouth,SC,54621,1968-08-05,Active
1405,Timothy,JEFFERSON,Timothy.JEFFERSON@company.com,2019-02-04,Software Engineer,Sales,,2002,8993 Joseph Trace Suite 471,North James,NJ,18495,1989-12-03,INACTIVE
1406,Mary,Rice,Mary.Ricecompany.com,2024-12-29,Manager,Finance,,2003,6916 Kevin Falls,Amandaville,MD,06025,2002-11-02,
1407,,STEIN,joseSTEIN@company.com,2027-02-14,Data Analyst,Finance,"39,171",2003,34629 David Camp Apt. 089,Gutierrezfurt,DC,60889,1969-03-01,Active
1408,Lori,Williams,Lori_Williams@COMPANY.COM,2019-07-05,Data Engineer,Analytics,,2003,91163 Cody Ways,South Adam,GA,81797,1981-07-05,INACTIVE
1409,Shelly,Luna,Shelly.Lunacompany.com,2022-07-08,Data Engineer,Finance,"114,327",2002,51179 Robbins Lane,North Glenn,GU,92309,1969-11-10,active
1410,Amy,Hansen,Amy.Hansen@company.com,2025-06-25,Data Analyst,HR,102308,,42612 Hardin Pines,North Josephside,MD,51592,1976-12-30,
1411,Holly,Ewing,Holly@company,2021-02-18,Manager,Sales,$37980,,36480 Smith Valleys Suite 389,West Matthewland,CA,80001,1972-02-18,active
1412,ian,Snow,ian_Snow@COMPANY.COM,2016-03-06,Data Engineer,Analytics,"94,187",2001,22661 Murphy Crest Apt. 433,Sarahport,AK,47921,1983-01-23,active
1413,robin,Meza,,2022-04-24,Software Engineer,HR,74744,2003,21274 Jesse Manor Suite 161,East Antonio,DE,24607,1980-07-14,active
1414,,,ann@company,2020-11-13,Software Engineer,marketing,"94,072",,4692 Mckinney Neck,Virginiachester,WI,47200,1973-03-04,
1415,Susan,West,Susan.West@company.com,2023-09-24,Manager,marketing,,2001,5847 Murray Lights,Edwardchester,MH,10766,1978-04-22,INACTIVE
1416,,Clark,suzanne@company,2026-12-01,Data Analyst,it,"₹88,462",,297 Conley Trace Suite 942,Andreville,PR,75304,1974-08-13,active
1417,Alexa,MCKINNEY,AlexaMCKINNEY@company.com,2023-08-14,Data Engineer,IT,"₹108,406",2003,12264 Jerry Causeway Apt. 723,East Tracyhaven,MA,20990,1994-03-21,Active
1418,Douglas,Mitchell,,2025-06-30,Data Engineer,Analytics,,,47123 Richard Path,Gibbsland,NJ,43473,1975-08-16,
1419,Dustin,Holmes,Dustin@company,2017-09-10,Software Engineer,IT,79983,2002,8926 Williams Via Apt. 391,Robinsonstad,WY,33336,1974-04-16,
1420,Kevin,Harvey,,2019-08-12,Data Analyst,IT,,,949 Chung Cliffs,Darrellstad,AK,65075,1995-02-25,
1421,juan,Wood,juan@company,2016-05-11,Data Engineer,Analytics,$26906,2002,3498 Davidson Square Suite 766,Grahamborough,TX,65573,1966-11-20,Active
1422,Jorge,HOBBS,Jorge.HOBBScompany.com,2024-11-04,Software Engineer,Finance,41091,,8578 Brandi Burgs Suite 295,East Henry,LA,62457,1972-07-13,
1423,Matthew,Odom,Matthew_Odom@COMPANY.COM,2016-08-02,Data Engineer,Sales,"₹73,590",2003,89714 Sarah Parkways Suite 588,Michelleville,FM,13307,1998-02-03,
1424,Gregory,Perez,Gregory@company,2016-02-06,Software Engineer,HR,"$27,323",2003,1669 John Trafficway,Richardchester,NM,96656,1992-05-13,active
1425,Kimberly,Hicks,Kimberly.Hickscompany.com,2024-09-08,Manager,HR,65025,2002,429 Nicholas Ways Suite 316,New Kristin,ND,90791,1988-05-13,Active
1426,denise,Morris,denise@company,2020-09-30,Data Analyst,Finance,,,82098 Scott Turnpike Apt. 663,Kimberlyburgh,UT,34156,1981-12-16,
1427,Steven,Barry,StevenBarry@company.com,2023-01-23,Manager,it,"69,147",2003,150 Elizabeth Burg,New Williamport,UT,95957,1971-01-15,Active
1428,Valerie,LAWRENCE,,2023-10-04,Data Analyst,it,"$52,981",,7275 Michael Island Apt. 366,Josephside,HI,69794,1997-01-27,
1429,Felicia,Allison,,2017-07-13,Software Engineer,HR,"₹70,507",2002,91306 Holloway Turnpike Apt. 861,North Nicholas,NC,98517,1984-04-28,
1430,benjamin,Wright,,2023-01-11,Manager,marketing,"$70,330",,,Gonzalezmouth,IA,04685,1976-03-01,
1431,Brittany,Garza,,2021-11-29,Data Engineer,marketing,"$22,233",,224 Tamara Brooks,Kevintown,FL,20288,1985-03-20,Active
1432,Tracy,Garcia,Tracy_Garcia@COMPANY.COM,2021-07-18,Data Engineer,marketing,84047,2002,109 Mcclure Ranch Apt. 697,Robertfurt,MO,87704,2005-01-07,
1433,elaine,Rios,elaine.Rioscompany.com,2020-02-08,Data Engineer,it,$72002,2003,2120 Sheryl Turnpike Suite 055,New Margaretview,MO,61048,1982-10-04,
1434,elizabeth,Cooper,,2016-06-05,Data Engineer,IT,"50,095",2001,81257 Page Falls Suite 900,Kimmouth,UT,69142,1978-06-01,Active
1435,lindsey,Sanchez,lindseySanchez@company.com,2021-06-30,Software Engineer,Analytics,"$80,615",2001,5678 William Summit,Lake Christopherborough,TX,81868,1988-04-13,INACTIVE
1436,Keith,Brown,Keith.Brown@company.com,2019-12-07,Manager,marketing,,,086 Nicole Fords Apt. 836,Judyside,OH,31805,1983-11-22,active
1437,Leslie,Wilson,LeslieWilson@company.com,2020-08-11,Data Analyst,IT,$58381,2001,968 Timothy Field Suite 520,Johnsonview,RI,21218,1978-01-12,active
1438,erin,Goodman,erin_Goodman@COMPANY.COM,2022-11-16,Manager,HR,"$45,469",2003,0836 Carolyn Motorway,Nicholasstad,KY,07980,1986-06-26,INACTIVE
1439,Tracey,ALEXANDER,Tracey.ALEXANDERcompany.com,2017-09-07,Data Analyst,Finance,"₹98,630",2001,15764 Smith Light Suite 047,West Sarahbury,GU,43083,1972-01-08,
1440,Adam,Larson,Adam_Larson@COMPANY.COM,2016-10-30,Data Analyst,Finance,63316,,4214 Simon Course Apt. 526,Grossland,KS,73586,1981-05-21,
1441,Melissa,Holmes,Melissa.Holmes@company.com,2017-03-26,Manager,Sales,"103,878",2003,3523 Stephanie Lock Apt. 668,South Theresa,MT,52716,1982-11-21,
1442,Carlos,Moore,Carlos.Moorecompany.com,2025-10-17,Data Engineer,marketing,73182,,2873 Anthony River,Jessicahaven,AS,71610,1998-07-16,Active
1443,candace,COOPER,candace_COOPER@COMPANY.COM,2019-04-29,Data Engineer,Analytics,"$48,564",2001,216 Colin Village Apt. 640,South Douglasstad,WI,62221,1984-04-08,
1444,Travis,Fischer,,2019-10-06,Software Engineer,it,"108,962",,184 Wright Causeway Apt. 761,Hicksport,WI,61112,2003-09-14,active
1445,craig,Davis,,2024-08-02,Software Engineer,HR,"$66,413",2002,004 Santos Parks,South Elizabethmouth,ID,07454,1980-07-06,
1446,Jeremy,Anderson,JeremyAnderson@company.com,2023-06-11,Data Analyst,marketing,"₹65,308",2003,0004 Micheal Island Apt. 022,Robinsonside,MO,86427,1973-12-13,INACTIVE
1447,Kathleen,Kelly,,2025-02-02,Data Engineer,Finance,72336,2001,42271 Bell Summit,Port Chelsea,AK,07602,1999-01-24,active
1448,Haley,Williams,Haley.Williams@company.com,2021-05-24,Software Engineer,Finance,51240,2003,02247 Karen Falls Suite 625,Lake Heatherborough,NC,65762,1991-01-13,Active
1449,michael,HOWELL,michael.HOWELL@company.com,2021-10-17,Software Engineer,marketing,"$51,128",2003,6867 Ortiz Station,Obrienshire,AR,50161,1986-04-28,active
1450,Rachael,WARREN,Rachael@company,2025-04-12,Data Engineer,marketing,"75,254",2003,917 Watts Terrace,Bryantbury,PA,49446,1990-01-30,active
1451,John,Martin,John.Martincompany.com,2017-05-01,Manager,it,$106913,2003,256 Jacobs Estates Apt. 432,Sarahmouth,OR,21418,1983-09-12,
1452,Stephen,Hobbs,StephenHobbs@company.com,2022-06-03,Manager,Sales,"₹41,712",,308 Amanda Bypass Suite 104,West Jennifer,MH,91824,1980-03-12,
1453,Faith,Nixon,Faith.Nixon@company.com,2023-01-25,Data Engineer,Finance,79600,2001,6849 Jenkins Curve,Reidton,DE,65976,1989-02-18,INACTIVE
1454,Larry,Meadows,Larry@company,2022-07-14,Data Engineer,IT,"$54,036",2003,276 Moore Corners,Lake Adamfurt,AL,35128,2005-06-24,INACTIVE
1455,Mary,Moore,Mary@company,2025-12-08,Software Engineer,IT,$47891,,9338 Carrie Court,Roblesfurt,KS,47927,1978-03-29,INACTIVE
1456,Steven,Nunez,Steven_Nunez@COMPANY.COM,2023-12-05,Data Analyst,Sales,"$83,544",,54503 Jose Ways,Port Jennifer,TN,38018,2001-10-14,Active
1457,eric,Dixon,eric.Dixoncompany.com,2023-10-20,Data Analyst,IT,"$30,123",2002,372 Wallace Vista,South Glennton,UT,99728,1995-01-10,INACTIVE
1458,Nicholas,Wade,NicholasWade@company.com,2023-10-04,Data Engineer,HR,,,0213 Rodney Extensions Suite 528,Glenside,ND,91147,1979-08-15,Active
1459,Derek,Franco,,2026-05-28,Manager,it,"105,782",2002,7941 David Plaza,North William,OH,27221,1976-06-01,active
1460,John,Morrow,John_Morrow@COMPANY.COM,2021-07-27,Manager,Finance,"$55,847",,9050 Johnston Mountain,East Kristinmouth,MP,42946,1998-03-13,
1461,Johnny,Lloyd,Johnny_Lloyd@COMPANY.COM,2016-12-10,Data Analyst,Analytics,,2001,733 Maria Isle Apt. 399,Port Wesley,MN,03856,1970-09-08,active
1462,Jim,Hall,Jim.Hallcompany.com,2024-12-22,Data Analyst,Finance,"86,430",2001,697 Melissa Fork Apt. 970,South Matthewshire,DC,75544,1998-07-23,
1463,Douglas,Morris,Douglas.Morris@company.com,2022-07-07,Manager,Analytics,"$98,311",2001,523 Brandon Knolls,South Amy,VT,56896,1980-06-21,Active
1464,David,Williams,,2018-04-30,Software Engineer,Sales,"$107,939",,150 Cooke Drive Apt. 217,Oconnormouth,DC,06971,1990-08-04,Active
1465,Sheila,SKINNER,Sheila.SKINNER@company.com,2024-10-19,Software Engineer,Finance,$25359,2001,9441 Patterson Roads Apt. 926,Port Samantha,MH,29613,1991-12-11,INACTIVE
1466,richard,Paul,richard@company,2016-03-04,Data Engineer,Sales,,2002,590 Brittany Land Suite 856,North Johnland,MT,34392,1990-04-22,INACTIVE
1467,Bonnie,Heath,,2021-06-21,Software Engineer,Analytics,"$68,791",2002,7089 Kelley Cape Apt. 022,South Brittany,NJ,84650,1983-12-28,active
1468,Donna,Ford,DonnaFord@company.com,2025-03-15,Software Engineer,Sales,$87174,2002,970 Kemp Field,Sarahhaven,NJ,89382,2005-08-02,INACTIVE
1469,Kathy,Bell,Kathy.Bell@company.com,2021-11-15,Data Engineer,HR,$118610,2003,3573 Laura Coves,New Brandon,NJ,93867,1997-05-28,Active
1470,Jake,Griffin,Jake.Griffin@company.com,2020-10-03,Software Engineer,IT,,2002,2295 Fernandez Fords Apt. 911,Davidmouth,MA,83785,1966-05-16,
1471,Alison,Marshall,Alison@company,2021-04-26,Manager,it,,2002,8131 Marissa Turnpike Suite 761,East Brianton,NM,89259,2005-11-15,
1472,Michael,KNAPP,Michael.KNAPPcompany.com,2018-11-15,Manager,it,"₹50,232",,7530 Amanda Divide Suite 794,West Bradleyview,SD,66174,1971-09-02,
1473,Cathy,Jones,CathyJones@company.com,2025-10-20,Data Engineer,Sales,"₹118,686",,117 Rodgers Grove,Michaelview,IA,39562,2006-01-20,
1474,Wesley,Cameron,Wesley.Cameron@company.com,2021-10-12,Manager,it,"$64,376",2002,26986 David Ridges,Friedmanfort,HI,41002,1966-10-17,INACTIVE
1475,Peter,Ross,,2022-01-12,Data Analyst,it,"₹97,106",2003,,Port Donald,PR,82307,1993-03-23,Active
1476,Kathleen,Brown,KathleenBrown@company.com,2024-01-31,Manager,marketing,"₹49,626",2001,1758 Rodriguez Spring,Garciaberg,NY,64419,1973-10-24,INACTIVE
1477,Johnny,Mills,JohnnyMills@company.com,2016-09-21,Data Engineer,HR,,,3516 Samuel Street Apt. 276,Paulashire,RI,96509,1972-09-17,INACTIVE
1478,Ronald,Johnson,,2022-06-11,Software Engineer,Analytics,,2003,31786 Flores Road,East Laurafurt,VI,43425,1969-04-23,Active
1479,,Archer,theresaArcher@company.com,2022-12-01,Data Engineer,IT,$23698,2001,355 Marvin Gardens Suite 929,Port Jason,OK,35087,2001-03-04,INACTIVE
1480,Jason,Rose,Jason.Rosecompany.com,2017-12-01,Data Analyst,IT,,,0365 James Orchard Apt. 577,Lisaville,IA,39442,1998-09-08,
1481,Heather,Medina,Heather@company,2024-08-28,Data Engineer,Sales,71624,,9653 Adam Curve,West Lesliebury,ID,53525,1982-07-11,Active
1482,John,Robles,,2022-05-02,Manager,IT,"66,771",2003,3372 Vasquez Radial Suite 226,Adrianshire,KS,16488,1985-08-23,
1483,Sherri,Price,Sherri.Pricecompany.com,2024-05-19,Software Engineer,HR,"₹48,718",,6936 Mccarty Glen Suite 818,Angelaville,MP,31355,2000-09-20,
1484,Bradley,Nguyen,,2021-11-23,Data Analyst,HR,$39222,2001,02434 Ray Tunnel Apt. 600,Rebeccamouth,WI,53680,2001-12-12,active
1485,Kenneth,Smith,,2021-07-22,Data Analyst,IT,"$39,947",,699 Edwards Heights,East Catherine,NE,99232,2000-08-20,Active
1486,Ariel,Mathews,,2018-06-14,Data Engineer,HR,$106358,,18871 Black Creek Apt. 624,Lake Angela,IA,65782,1976-08-21,
1487,Danny,Mathews,Danny_Mathews@COMPANY.COM,2025-03-22,Software Engineer,Finance,"117,431",2002,589 Oneill Tunnel,South James,ID,46704,1990-08-26,Active
1488,Dale,GEORGE,Dale.GEORGE@company.com,2023-10-12,Data Analyst,it,25122,,29755 Parrish Islands Apt. 000,Susanville,ID,18864,2006-01-10,active
1489,Bryan,Williams,,2024-03-20,Software Engineer,Finance,$53589,,546 Hansen Fall,Lake Jeremiah,VI,58713,1987-07-08,
1490,David,Schroeder,David.Schroeder@company.com,2019-05-02,Data Analyst,HR,"$98,210",2001,491 Roy Ridge Suite 512,Daniellemouth,ME,50167,1984-08-16,
1491,Lisa,Costa,LisaCosta@company.com,2021-02-22,Software Engineer,IT,"49,516",2003,561 Jessica Road,West Ruthborough,NC,80395,1968-09-15,Active
1492,James,WATSON,James.WATSONcompany.com,2021-09-02,Data Engineer,HR,$90675,2002,381 Scott Path Suite 580,Scottberg,NV,60551,1980-06-18,
1493,Brittany,Davis,Brittany_Davis@COMPANY.COM,2019-04-22,Data Analyst,Sales,114450,2001,8333 Adam Forest Suite 139,Port Kristashire,GU,50406,1972-05-10,INACTIVE
1494,timothy,Robinson,,2018-05-09,Manager,Finance,"93,373",2001,03529 Olivia Keys,Port Marcus,KY,63017,1975-10-14,active
1495,James,Morris,James@company,2022-11-04,Manager,Finance,$43150,2002,686 Schaefer Bridge,West Robert,LA,47920,1971-12-25,
1496,Kaitlyn,Blackwell,,2019-12-01,Manager,Finance,"$111,443",2001,,East Michaelstad,WV,23830,1980-07-04,INACTIVE
1497,Bruce,Williams,,2022-10-26,Data Analyst,Analytics,$76605,2002,393 Chad Well Suite 025,Bakerborough,NH,40557,1992-12-17,INACTIVE
1498,michael,Smith,michael.Smith@company.com,2017-06-03,Manager,marketing,68344,2003,6858 James Manors,Lake Franklinfort,TN,37775,1966-05-03,INACTIVE
1499,Shelly,,Shelly.Martin@company.com,2023-01-25,Software Engineer,HR,,2003,5644 Daniel Lodge Suite 234,Port Timothyborough,NM,83078,1966-08-07,active
1500,William,YOUNG,William.YOUNG@company.com,2018-01-21,Data Analyst,Finance,,2001,4941 Kristen Port,West Kristi,GA,05897,1992-07-21,active
1501,Kevin,Moss,Kevin@company,2025-04-18,Manager,Finance,$33238,,8998 Janice Drives,Lake Dawnton,ND,75689,1981-01-27,
1502,Christopher,Gonzalez,,2022-01-08,Data Engineer,HR,"$28,071",,032 Lawrence Fields,North Tinaton,NV,37954,1982-10-01,
1503,Darren,FRANKLIN,,2025-06-04,Software Engineer,Finance,,2002,197 Thomas Drives,Fergusonborough,RI,56723,2007-07-04,
1504,andre,CARLSON,,2020-07-28,Manager,Finance,"₹53,589",2002,74212 Douglas Hills,South Veronica,DE,51896,1983-11-25,INACTIVE
1505,Jessica,Alexander,Jessica.Alexandercompany.com,2017-03-20,Data Engineer,HR,36264,2002,71302 Joshua Unions,Snyderview,MS,27013,2001-10-06,
1506,Ryan,Gross,Ryan@company,2020-03-07,Data Analyst,IT,$114589,,6988 Jean Ridge,West Alexandertown,OK,69935,2007-06-16,
1507,Tonya,Hernandez,,2021-04-01,Manager,IT,"40,877",2002,01308 Phillip Squares,Robertview,DC,47632,2007-07-19,
1508,David,Patton,David_Patton@COMPANY.COM,2021-09-23,Data Engineer,HR,,,80905 Hammond Trafficway Apt. 231,Harrismouth,ME,71699,1996-12-05,active
1509,David,Rodriguez,David@company,2022-12-05,Data Analyst,Sales,"$40,614",,417 Julie Neck,Johnsonview,FL,27590,1997-12-13,Active
1510,Phillip,Dillon,,2025-01-23,Data Analyst,it,"₹75,627",2003,0429 Allen Ridge,Rayhaven,VI,76568,1969-08-22,
1511,Daniel,SIMPSON,,2017-02-16,Manager,Analytics,"$93,370",,77537 Susan Cliff Suite 336,Hollymouth,WI,98390,1984-12-19,
1512,Carol,Knight,Carol_Knight@COMPANY.COM,2024-06-17,Software Engineer,IT,,,6381 John Wall,Kathleenview,FL,93480,1982-04-20,
1513,michael,CARPENTER,michael_CARPENTER@COMPANY.COM,2016-08-07,Manager,it,20812,2003,0585 Stevenson Path,Royton,AZ,98118,1987-07-08,
1514,Caroline,THOMAS,Caroline@company,2018-03-11,Manager,IT,$114279,2002,0140 Gina Mission,Jasmineberg,NH,53979,2001-07-13,active
1515,robert,Dorsey,,2025-12-30,Software Engineer,IT,"$49,563",2001,72970 Cook Brook Suite 066,Wilsonborough,GU,31192,1993-02-06,INACTIVE
1516,Alison,SCHMIDT,,2023-04-11,Data Engineer,Finance,$50598,,327 Mia Pines Apt. 735,Ingramfort,WI,97636,1993-10-14,active
1517,Emily,Owens,EmilyOwens@company.com,2017-08-15,Data Analyst,Sales,"83,965",,805 Hannah Light,Gonzalesborough,AS,07484,1986-07-05,Active
1518,robert,MORALES,,2020-08-13,Software Engineer,Sales,,,,Lake Michelle,MA,36435,1993-08-03,
1519,Connie,Butler,Connie@company,2017-02-26,Software Engineer,Finance,,2001,761 Travis Tunnel Apt. 043,Lake Kellyfort,LA,88248,1992-11-14,active
1520,stephanie,Contreras,stephanie_Contreras@COMPANY.COM,2017-02-05,Data Analyst,HR,44747,2003,,West Kimberg,OH,61880,1991-07-26,Active
1521,Monique,Thompson,Monique.Thompsoncompany.com,2025-04-15,Manager,marketing,$64004,2002,8495 Gonzalez Field Apt. 891,Amytown,ND,64350,1987-05-22,INACTIVE
1522,Gary,ADAMS,GaryADAMS@company.com,2016-11-03,Software Engineer,marketing,"$72,704",,71250 Chen Bridge,Robinsonfurt,MT,62262,1973-05-03,
1523,Darin,CARTER,Darin.CARTER@company.com,2024-03-12,Data Engineer,it,"$85,916",2001,97554 Shannon Meadows,Grahamshire,NJ,91159,2006-09-04,Active
1524,Nathan,Golden,,2019-12-26,Manager,Sales,"88,027",2003,0309 Huynh Trail,Knightshire,HI,43403,1989-03-01,
1525,Joy,LONG,Joy.LONGcompany.com,2018-06-20,Data Analyst,it,"$103,653",2002,318 Mike Mountain Suite 453,Ballshire,VT,70513,2005-01-09,active
1526,Calvin,Watson,Calvin.Watson@company.com,2016-06-19,Data Analyst,HR,"89,478",,08854 Larson Forge Suite 210,Williamland,NM,25159,1977-07-11,active
1527,Laura,Calhoun,,2021-06-18,Data Analyst,it,"$95,156",2002,8873 Daniels Overpass Apt. 884,Lake Lynnport,CA,33245,1970-09-14,
1528,John,Burgess,John_Burgess@COMPANY.COM,2018-11-20,Data Engineer,Analytics,81643,,59506 Angela Key,Lake Brandi,GU,50003,1997-04-11,INACTIVE
1529,Brian,Russell,,2016-12-21,Data Analyst,Sales,$38479,2001,60680 Taylor Shoals Suite 470,Lake Martinville,MT,94749,2000-04-01,active
1530,juan,Ramos,juan.Ramos@company.com,2024-05-31,Software Engineer,marketing,"₹66,548",2001,57099 Salazar Cape Suite 631,Jameshaven,AK,24156,1979-04-17,INACTIVE
1531,donna,Boyer,,2020-10-13,Data Engineer,Sales,"₹22,204",2003,67762 Ashley Forks Suite 466,Amandafort,SC,73402,1967-07-28,INACTIVE
1532,Ryan,ROBINSON,,2020-11-10,Manager,it,"$65,446",2001,778 Sarah Haven,Porterbury,PW,76996,1986-10-06,Active
1533,philip,Beasley,,2021-04-11,Data Engineer,IT,$38526,2001,61053 Jones Road,Lake Tracy,RI,91423,1978-04-19,INACTIVE
1534,Elizabeth,Gilmore,Elizabeth.Gilmore@company.com,2016-03-17,Data Analyst,it,"₹47,364",2003,2239 Jessica Manor Apt. 053,Whitemouth,MD,02352,1994-08-16,INACTIVE
1535,Gabriella,Harrison,Gabriella.Harrisoncompany.com,2020-02-25,Data Analyst,HR,,2003,9315 Hernandez Branch Apt. 731,East Kelli,IL,74608,1986-09-30,INACTIVE
1536,Adriana,Powell,,2020-02-27,Software Engineer,Analytics,$35395,,41236 Chavez Flats Apt. 755,Georgeburgh,CA,11868,1981-11-01,INACTIVE
1537,Harry,Sanchez,Harry.Sanchez@company.com,2024-08-09,Data Engineer,HR,"$83,556",2002,71823 Lopez Park Suite 168,Port Steve,OH,44972,2007-12-07,active
1538,Patricia,Hahn,Patricia@company,2022-08-12,Manager,HR,"55,346",,241 Roberson Trace,Lake Stephaniehaven,ID,98583,1982-06-06,Active
1539,Ashley,MILLER,Ashley.MILLER@company.com,2018-04-24,Data Analyst,Analytics,$40409,2001,844 Tara Mill Apt. 715,Lamland,KS,43914,2005-06-22,
1540,Pamela,HARPER,,2025-03-28,Data Engineer,Finance,"₹47,957",2001,44679 Vernon Courts,Port Amberfurt,TX,76141,2006-12-27,active
1541,kaitlin,Garcia,kaitlin@company,2019-03-27,Manager,Analytics,$28803,,4785 Maddox Branch,West Edwardtown,OK,62858,2000-07-24,INACTIVE
1542,Whitney,Watkins,WhitneyWatkins@company.com,2017-12-06,Data Engineer,Finance,,,,Jamesstad,VI,39090,2001-04-01,INACTIVE
1543,Bryce,MARTINEZ,Bryce@company,2018-09-13,Data Analyst,marketing,"$78,849",2003,50331 Karen View Apt. 589,Lake Davidstad,IL,54569,2005-02-16,
1544,Chris,Fox,Chris_Fox@COMPANY.COM,2017-05-24,Data Analyst,Sales,,2002,9319 Patrick Forges Apt. 668,Lake Walter,NM,54172,1992-06-28,
1545,Darlene,Adams,,2021-03-29,Software Engineer,Sales,32351,2001,6413 Tara Rapid,New Laurie,ME,77975,1987-05-23,INACTIVE
1546,Angela,Macdonald,Angela.Macdonaldcompany.com,2021-05-08,Data Engineer,it,93383,2003,67950 Patterson Burgs Apt. 165,Ericville,AZ,07516,2000-05-28,INACTIVE
1547,Eric,Russo,,2022-06-08,Software Engineer,Finance,"51,202",2002,6677 Alvarado Gardens,Lake Jordan,SC,52176,1992-08-12,
1548,Dominique,Kline,Dominique@company,2025-06-29,Software Engineer,Sales,"$90,522",2002,6869 Amy Points Suite 006,Port Crystalhaven,IL,01869,1989-12-19,Active
1549,Molly,Carpenter,Molly@company,2019-08-15,Software Engineer,Analytics,"₹60,196",2003,6734 Katherine Corner Apt. 306,Nicolestad,WV,96305,1993-08-02,INACTIVE
1550,glen,Edwards,glen.Edwards@company.com,2025-08-29,Software Engineer,it,106021,2003,877 Amy Brooks Apt. 111,Lake Mark,TN,84162,2002-06-19,INACTIVE
1551,Christopher,Warren,Christopher_Warren@COMPANY.COM,2023-04-14,Software Engineer,IT,$21706,2001,06052 Erin Expressway,North Josephfurt,KY,95352,1996-08-06,INACTIVE
1552,James,Cox,James@company,2025-11-29,Data Engineer,it,"₹101,588",,777 Susan Fall,Rebeccastad,ID,50126,1989-04-23,
1553,Daniel,MURPHY,Daniel@company,2017-04-19,Data Engineer,HR,"₹116,088",,17289 Evans Courts,North Calvin,MS,26818,1991-11-17,Active
1554,jason,Roberts,jason.Roberts@company.com,2020-02-03,Data Engineer,Sales,30540,,5695 Allison Cliffs Suite 680,Lake Monicahaven,FM,04290,1979-09-27,
1555,Heather,Harrell,,2024-11-13,Manager,IT,"23,049",2003,7160 Kelsey Prairie,West Carlaville,PR,68845,2005-12-23,active
1556,Brian,LAWRENCE,BrianLAWRENCE@company.com,2023-03-12,Manager,marketing,74515,2001,6325 Nguyen Spur,South Christine,MN,37679,1984-02-17,
1557,Amanda,Spencer,Amanda.Spencercompany.com,2019-11-24,Data Analyst,IT,,,2876 Marie Courts,West Eric,PR,48851,1972-07-24,
1558,Thomas,Thompson,,2017-01-16,Data Analyst,Analytics,,2003,2472 Elizabeth Falls,New Nicholas,AZ,58101,1968-10-22,
1559,tiffany,HUGHES,tiffanyHUGHES@company.com,2023-06-27,Data Engineer,marketing,"$29,839",2001,4044 Kathleen Club Suite 967,West Joy,IL,99724,1980-08-04,Active
1560,Bethany,WILLIAMS,BethanyWILLIAMS@company.com,2022-11-29,Software Engineer,HR,109160,,6741 Miller Cove,Jessechester,DE,59482,1993-08-22,active
1561,Edward,FOWLER,Edward@company,2016-12-29,Software Engineer,Analytics,76310,2003,687 Potter Freeway Suite 434,Port Collinbury,NJ,01702,1992-01-10,
1562,Jordan,TURNER,,2018-08-05,Software Engineer,HR,"₹23,739",2002,374 Jody Summit Suite 487,Jonathanshire,AZ,90277,1972-03-10,Active
1563,Gregory,MARTINEZ,Gregory@company,2019-08-31,Software Engineer,Finance,"$96,961",2002,75668 Vasquez Pine,Colemanstad,VA,34799,1997-01-07,active
1564,steve,Gould,steve@company,2021-02-20,Data Engineer,IT,$22181,,36608 Donald Trace,South Amandastad,SD,23998,1998-03-16,
1565,Jon,Evans,JonEvans@company.com,2020-01-30,Data Engineer,Sales,"26,992",,30201 Michael Estates,Angelaberg,DC,79844,1984-04-16,active
1566,Diana,Davidson,Diana_Davidson@COMPANY.COM,2017-10-16,Data Engineer,it,"55,953",,3390 Savage Corners Suite 626,East Pamela,ID,87071,1975-01-30,
1567,Jeff,Harrison,,2025-06-11,Data Analyst,IT,"55,961",,850 Kim Extensions Suite 081,Kathleenberg,NE,68637,1967-02-25,active
1568,william,ARELLANO,william@company,2019-02-21,Manager,Finance,"₹115,695",,3712 Smith Crossing,South Jason,VA,98383,1984-11-17,active
1569,Alison,Robbins,Alison.Robbinscompany.com,2023-11-18,Software Engineer,HR,$41762,2001,621 Amber Island Suite 015,Nicholasmouth,WV,44681,1978-06-23,active
1570,Virginia,Bowman,Virginia.Bowman@company.com,2023-07-12,Manager,it,,2001,7144 Steve Fords Apt. 830,Reillystad,HI,29909,1981-07-18,INACTIVE
1571,Kelli,Hall,Kelli.Hall@company.com,2016-11-29,Data Analyst,IT,"26,766",2002,,East William,VT,98450,1975-02-22,
1572,Lisa,Thompson,LisaThompson@company.com,2024-08-02,Data Analyst,it,,2002,329 Lindsey Ways Apt. 477,East Robert,GU,23620,2002-08-10,
1573,John,Adams,John@company,2022-02-24,Manager,Finance,42866,2003,71306 Clarke Turnpike,East Rebeccafort,MI,45988,1997-09-14,
1574,Amber,Miller,,2016-03-16,Data Analyst,it,,2003,109 Cummings Landing,West Paulborough,VT,73887,1966-05-01,
1575,Zachary,ROGERS,Zachary@company,2016-07-02,Manager,it,,2002,5833 Gregory Stream,Jeffreybury,NV,08535,2006-02-12,
1576,anthony,JONES,,2021-05-26,Data Analyst,it,"52,449",2002,1486 Sharp Trail,North Deanna,LA,16003,1968-02-19,active
1577,Colleen,SCOTT,Colleen@company,2020-07-14,Data Engineer,IT,81427,,85527 Ward Route,Port Matthew,SD,52144,1995-11-11,Active
1578,Stacey,Adams,Stacey_Adams@COMPANY.COM,2020-03-29,Data Engineer,marketing,111982,2001,1403 Fernandez Junctions,Yvonnemouth,AR,21642,1998-01-29,Active
1579,Justin,Garcia,,2025-09-01,Data Engineer,Sales,$83259,2001,85066 Jordan Branch,Barronberg,VI,14222,2007-06-06,active
1580,Jamie,Carpenter,,2022-02-20,Manager,Finance,$21843,2002,4109 Alexander Well Apt. 801,East Ricky,GU,06380,1976-08-23,
1581,Nicole,Frost,Nicole_Frost@COMPANY.COM,2024-07-08,Data Engineer,IT,41014,,65892 Norris Drives Suite 685,Patriciahaven,KS,45265,1992-05-05,
1582,Ronnie,Wright,Ronnie.Wright@company.com,2016-06-10,Data Analyst,IT,"₹22,037",2002,29752 Vasquez Valley,Marktown,NE,75691,2000-06-26,
1583,,Ball,,2022-11-16,Software Engineer,it,"₹29,329",2002,6371 Sherry Course,Anthonyport,HI,62408,1975-01-06,active
1584,craig,PETERSON,craigPETERSON@company.com,2020-03-10,Manager,HR,"32,586",2003,725 Mejia Drive Suite 101,Maloneside,IA,04675,1984-07-12,
1585,Leah,Ramirez,Leah@company,2023-02-18,Manager,it,"58,405",2003,69434 Roberta Shores Apt. 806,Richardschester,IL,26297,1970-11-27,active
1586,Beth,Yu,Beth.Yucompany.com,2022-08-25,Manager,it,$74341,2003,416 Timothy Prairie,Jenniferstad,ND,84084,1976-05-14,Active
1587,Matthew,BROWN,MatthewBROWN@company.com,2025-02-05,Manager,HR,"$103,696",,200 Robinson Drive,South Franciscostad,NC,79521,1968-07-18,INACTIVE
1588,Hunter,Black,,2021-10-27,Software Engineer,HR,28691,2003,74081 Strong Haven,South Monicahaven,GU,17206,1990-03-07,Active
1589,Erica,Medina,,2016-08-05,Manager,marketing,$34386,,419 Martin Streets Apt. 349,Cherryborough,NE,44451,2003-12-30,INACTIVE
1590,Linda,Hayden,,2021-11-30,Software Engineer,Finance,$21901,,1943 Derrick Flat,Blakeborough,CO,43219,1981-07-21,INACTIVE
1591,aaron,Mathews,aaron_Mathews@COMPANY.COM,2020-05-06,Data Analyst,IT,"₹89,299",2001,566 Harmon Estate Suite 403,East Angelaside,NH,86258,1975-04-01,Active
1592,Jessica,Torres,Jessica.Torrescompany.com,2017-12-22,Manager,marketing,"107,685",,75102 Julie Hollow Suite 265,Laurenview,MT,34387,1978-02-14,INACTIVE
1593,Jaclyn,Simmons,JaclynSimmons@company.com,2021-06-02,Data Analyst,IT,"₹69,733",2001,7212 Smith Trafficway,Lake Timothyville,VT,45951,2003-05-14,Active
1594,Jonathan,Salazar,,2023-01-08,Data Analyst,it,"$37,938",2002,8756 Stephen Forge,Port Scott,SC,05309,1999-05-18,INACTIVE
1595,Oscar,Williams,Oscar_Williams@COMPANY.COM,2021-06-21,Manager,Finance,$81691,2003,567 Jackson Plains Apt. 947,North Yesenia,KY,93823,2004-02-09,Active
1596,Jessica,Jimenez,Jessica.Jimenez@company.com,2026-08-05,Software Engineer,Finance,"$89,469",2003,46615 Joel Brook,West Wendyport,NY,71611,1989-02-20,
1597,Thomas,PIERCE,Thomas.PIERCEcompany.com,2024-08-02,Software Engineer,Analytics,$109917,2003,8942 Ivan Center Suite 926,West Reneeberg,FM,53770,1986-06-07,INACTIVE
1598,Edward,MARTIN,Edward@company,2019-12-05,Data Analyst,Analytics,"$49,809",2003,4309 Humphrey Ways,Ryantown,GU,42859,1989-11-06,active
1599,Michaela,Martinez,Michaela@company,2019-02-03,Software Engineer,Analytics,"$27,063",,8725 Danny Avenue Apt. 866,Garnershire,IL,33784,1987-08-05,Active
1600,David,Green,DavidGreen@company.com,2023-04-30,Data Analyst,it,$66762,,784 Mccarty Summit,Michaelton,ID,62553,1972-05-08,
1601,Karen,Lawrence,KarenLawrence@company.com,2022-05-07,Software Engineer,it,,,,South Judyside,AL,75289,1983-04-24,INACTIVE
1602,John,GLENN,John.GLENNcompany.com,2018-02-02,Data Engineer,Sales,"$112,777",2002,390 Mark Tunnel Suite 620,Port Thomasburgh,HI,09367,1988-07-14,INACTIVE
1603,Noah,Green,,2027-04-06,Data Engineer,marketing,"₹96,006",2001,359 Turner Pike Apt. 823,Floreschester,VA,64711,2002-08-02,INACTIVE
1604,Eric,LIU,,2020-09-15,Data Engineer,it,,,19741 Sharon Highway Suite 103,Garyberg,FM,47119,1975-02-18,INACTIVE
1605,allen,Stewart,allen@company,2023-08-07,Manager,HR,,2001,5189 Andrews Garden,Prestontown,MP,80404,1979-08-28,active
1606,joshua,Ingram,joshuaIngram@company.com,2018-09-21,Data Engineer,Finance,,2001,31199 Chambers Plaza Suite 887,New Latashatown,CO,33607,1999-04-17,active
1607,Kurt,SPENCE,,2019-05-11,Manager,it,"₹68,742",,51330 Jeffrey Rue Suite 086,Kimfurt,MP,90831,1979-09-01,
1608,Bonnie,Hill,Bonnie_Hill@COMPANY.COM,2025-05-26,Manager,Sales,,2001,29770 Morris Plains,Lake Jeanetteland,ID,66082,1967-01-09,
1609,Jeffrey,Martin,Jeffrey_Martin@COMPANY.COM,2024-06-14,Data Engineer,Sales,"$38,464",,030 Leach Cliff,Lake Patricialand,CA,17919,1968-02-17,
1610,Megan,Hodges,,2023-12-16,Data Engineer,HR,"58,508",2001,548 Kemp Spurs,Mariaberg,TN,87008,1966-12-26,
1611,Erica,NOLAN,,2017-01-10,Data Analyst,IT,"$79,951",2002,538 Davis Burgs,Jeffersonburgh,FL,80914,2003-09-07,INACTIVE
1612,Jonathan,Evans,Jonathan.Evanscompany.com,2021-04-23,Data Analyst,marketing,84403,2003,1763 Heather Burgs Apt. 952,Wheelermouth,NM,11877,1986-09-03,active
1613,Michael,Dunn,Michael.Dunn@company.com,2020-06-17,Software Engineer,Finance,"103,311",2003,016 Rachel Mountains Apt. 120,New James,MO,41204,1994-07-02,INACTIVE
1614,Andrew,WATSON,AndrewWATSON@company.com,2024-08-26,Data Analyst,Finance,$67072,2002,547 Adam Mountains,North Kimberly,OH,21750,1975-08-03,
1615,Brady,Reynolds,Brady.Reynoldscompany.com,2020-03-30,Manager,Analytics,$89678,,9618 Jack Walks Apt. 748,Hillton,TN,97382,1969-03-09,
1616,Pamela,CONNER,Pamela.CONNERcompany.com,2027-04-19,Software Engineer,HR,"$91,155",2003,832 Carpenter Park,West Jasmine,NY,57749,1985-02-05,
1617,Zachary,Harris,ZacharyHarris@company.com,2023-11-30,Software Engineer,HR,"28,754",2001,7374 Andrea Cove Apt. 782,Wardhaven,FM,32615,1983-01-24,
1618,Sherry,Curtis,,2022-08-05,Data Engineer,HR,"42,620",2002,,Jacobberg,NH,88409,2003-06-29,Active
1619,Raymond,Barker,Raymond.Barkercompany.com,2021-02-28,Manager,Analytics,$116443,2003,713 Robin Walks,North Dylanburgh,CA,91322,2000-08-18,active
1620,Cynthia,CARTER,Cynthia.CARTERcompany.com,2020-02-24,Data Engineer,it,27806,2001,4169 Adkins Walk Apt. 816,South Elizabethborough,WA,13687,1980-03-30,active
1621,michael,Davis,michaelDavis@company.com,2019-08-19,Data Engineer,IT,$110804,,280 Wood Junctions Apt. 501,Hannahtown,ND,95781,1983-05-05,INACTIVE
1622,katherine,Pratt,katherine_Pratt@COMPANY.COM,2022-06-21,Data Analyst,marketing,108861,,615 Manuel Points Apt. 673,South Mario,NV,63016,1987-09-10,active
1623,Louis,Cooke,Louis.Cookecompany.com,2025-02-22,Data Analyst,IT,27075,,9717 Matthew Branch,Mooreport,KY,08654,2003-09-20,active
1624,anna,Galloway,anna.Gallowaycompany.com,2020-04-18,Manager,IT,,2001,27401 Cook Ports,Macdonaldshire,KS,78273,1986-04-10,
1625,Melissa,Jones,Melissa.Jones@company.com,2022-01-11,Data Analyst,marketing,27797,2003,550 Meyer Way Suite 273,Hayesville,MO,20414,1995-03-28,Active
1626,katie,Kline,katie@company,2019-06-03,Manager,Sales,,,609 Miller Unions,East Amyberg,VI,51296,1993-02-22,active
1627,Crystal,WALKER,,2024-02-07,Data Analyst,marketing,"$28,105",2003,3703 Herrera Pike,West Bianca,MA,61878,1977-06-06,INACTIVE
1628,April,Campbell,April.Campbellcompany.com,2023-11-11,Data Analyst,Finance,"₹97,838",,961 Robert Island Apt. 222,Port Jonshire,KY,26443,2001-12-21,
1629,Natalie,Frazier,Natalie.Frazier@company.com,2016-05-07,Data Engineer,marketing,"₹20,535",,8435 Shields Mountain,North Mitchell,CA,33034,1991-01-30,Active
1630,anita,Hall,anita@company,2025-04-13,Software Engineer,IT,65254,,97618 Pamela Knoll Apt. 222,Reyesborough,VT,53752,1966-03-24,active
1631,Lisa,Johnson,,2023-12-28,Data Analyst,IT,"$53,481",,03705 Jennifer Loaf,West Jessica,WY,09052,1981-03-23,
1632,christopher,Thompson,christopher_Thompson@COMPANY.COM,2019-03-23,Software Engineer,it,,,13880 Mcintosh Ville,Port David,AL,14023,2003-06-09,
1633,Michael,Murphy,,2021-08-30,Data Engineer,IT,"66,320",2002,4542 Walker Turnpike,Haleberg,GA,75934,1967-01-02,INACTIVE
1634,Casey,Brown,,2021-05-11,Data Analyst,it,"$94,546",2003,03351 Mendez Track Suite 808,Josephfurt,MD,46543,1987-03-16,Active
1635,Kathleen,RHODES,,2016-08-12,Data Engineer,Analytics,,,5299 Jeffery Harbors,East Matthew,MO,59065,1996-01-21,
1636,Jessica,Gomez,Jessica_Gomez@COMPANY.COM,2022-10-03,Data Engineer,HR,"$112,127",,509 Maria Ridge,New Nathanielborough,AS,71478,1967-07-30,active
1637,Angela,QUINN,Angela_QUINN@COMPANY.COM,2020-05-28,Manager,IT,94954,2001,44967 Andrea Field,Lake Jason,ME,44162,1994-01-14,
1638,ricardo,MATHIS,,2017-09-03,Manager,IT,"$56,411",2002,826 Sherri Flat,Brooksberg,ID,68944,1990-04-08,
1639,James,JOHNSON,James@company,2025-11-05,Manager,IT,$94831,,8136 Grace Wells Suite 356,Port Edwardborough,SD,20947,2004-11-14,
1640,Laura,Stark,,2022-07-03,Data Engineer,HR,98123,,2822 James Ford Suite 055,Lake Darrenmouth,AR,33265,1970-02-12,
1641,Nicholas,Butler,,2023-03-23,Software Engineer,Finance,"₹105,240",2001,93844 Sandra Burgs Apt. 275,Spencerport,CA,06760,1999-10-18,Active
1642,Jennifer,Gomez,,2022-04-25,Software Engineer,IT,"92,644",,21769 White Village,New Melissa,IN,22600,2007-06-28,active
1643,steven,Lane,steven.Lane@company.com,2020-01-22,Data Analyst,Sales,"$117,921",,5596 April Stravenue Suite 498,North Dustin,TN,28383,2001-07-06,
1644,Curtis,Johnson,Curtis.Johnson@company.com,2023-11-05,Data Analyst,HR,$23519,2003,14733 Margaret Hill Apt. 321,South Eric,MT,63996,1973-04-29,
1645,Troy,Taylor,Troy_Taylor@COMPANY.COM,2020-10-21,Software Engineer,Sales,$61216,,4927 Sandra Flat Suite 894,North Kellyburgh,VI,66355,1979-02-21,
1646,Heather,Wood,HeatherWood@company.com,2017-04-25,Data Analyst,Finance,"$67,911",,76880 Cindy Place Suite 813,Gregoryfort,WI,76894,1997-06-14,
1647,Martha,BROWN,Martha@company,2024-11-24,Software Engineer,Analytics,22056,2003,004 Brian Neck,Vincenttown,KS,88957,2002-03-18,INACTIVE
1648,Edward,Adams,Edward.Adamscompany.com,2017-11-16,Data Analyst,Analytics,"76,422",,,Rebeccaport,AZ,23783,1972-09-12,
1649,Lori,Hammond,LoriHammond@company.com,2020-06-06,Data Analyst,IT,"₹62,930",,,West Amy,VI,50247,1966-04-14,INACTIVE
1650,Ruth,Lynch,Ruth_Lynch@COMPANY.COM,2021-10-31,Data Analyst,HR,"$55,930",2003,2365 Mike Harbor,East Jamesberg,OH,36134,1999-02-25,active
1651,ethan,Reeves,,2020-08-06,Data Engineer,Sales,,,6233 Mark Isle Apt. 318,Murphymouth,VA,02375,2001-09-15,Active
1652,katie,Singh,katie_Singh@COMPANY.COM,2016-05-03,Software Engineer,HR,$31565,,2038 Laurie Court Suite 880,Lake Julie,CA,07555,1992-10-03,INACTIVE
1653,Sarah,Montes,Sarah.Montescompany.com,2021-01-26,Software Engineer,Analytics,112289,2002,0516 Moore Loaf,North Ashley,CT,33443,2002-08-02,active
1654,Karen,LOWERY,,2022-11-24,Software Engineer,IT,"$114,306",,2418 Hopkins Manor Apt. 712,Lake Ericview,SC,54419,1970-12-10,
1655,Dustin,Lee,Dustin.Lee@company.com,2022-08-13,Data Engineer,Finance,"$58,234",,67262 King Wells Suite 077,Thomaschester,NC,94470,1984-07-24,INACTIVE
1656,Diane,Hall,Diane.Hall@company.com,2021-07-17,Data Analyst,HR,"$79,790",,503 Christina Drives,Joseland,MT,13447,1970-08-23,
1657,jeffrey,MURPHY,jeffrey@company,2018-06-18,Manager,IT,95784,2003,0496 Doyle Stream Apt. 160,Danielfurt,NY,27591,2000-02-19,
1658,Donna,Keller,Donna.Keller@company.com,2023-06-12,Software Engineer,HR,"81,411",2001,21244 Obrien Field Suite 105,North Jennifer,AR,84228,1992-04-09,
1659,Shannon,Knight,,2021-01-26,Software Engineer,marketing,"65,075",,5564 Nathan Trafficway,Shannonchester,AK,87472,1997-05-12,INACTIVE
1660,jennifer,Williams,jennifer.Williamscompany.com,2017-06-26,Data Engineer,Finance,,2002,02962 Jones Valleys,Dianastad,WA,76216,1976-03-13,Active
1661,Kelly,Tyler,,2022-02-23,Manager,IT,"₹105,315",2003,959 Anthony Expressway Apt. 427,Cooleymouth,RI,65910,1979-10-10,Active
1662,Alexandra,Gibson,Alexandra_Gibson@COMPANY.COM,2022-08-09,Data Analyst,marketing,,2002,77215 Robinson Highway,North Dana,KY,24463,2007-08-28,
1663,Gary,Long,Gary.Longcompany.com,2018-08-06,Data Analyst,marketing,$56413,2002,512 Rebecca Points,Shermanberg,MI,48568,1986-01-11,INACTIVE
1664,Ariel,Griffin,Ariel.Griffin@company.com,2025-01-14,Data Engineer,HR,"$114,303",,1082 Baker Mills Apt. 292,South Sherriview,UT,23555,1976-03-22,
1665,Jessica,Ortiz,JessicaOrtiz@company.com,2018-08-24,Manager,HR,31160,2002,497 Davis Run Apt. 484,West Christinamouth,AR,25512,1999-02-22,active
1666,Samantha,Burnett,SamanthaBurnett@company.com,2020-05-22,Data Analyst,Analytics,$78110,2003,4715 Lee Island Suite 397,Lauraport,NV,12273,1971-01-15,INACTIVE
1667,Keith,Koch,Keith.Kochcompany.com,2016-04-15,Manager,IT,"₹28,298",2002,138 Simon Ridge,Griffithchester,LA,97002,1983-03-26,
1668,Carlos,KING,Carlos@company,2021-03-12,Data Engineer,HR,97874,2003,3258 Martin Neck,North Matthew,CO,18558,1972-05-04,
1669,Michael,BAUER,Michael_BAUER@COMPANY.COM,2016-05-25,Manager,Sales,"₹75,389",2001,958 Cortez Plains Apt. 179,Michaelmouth,NH,35526,2005-05-06,
1670,calvin,Carter,calvin.Cartercompany.com,2021-06-27,Data Engineer,marketing,,2003,32969 Patton Glens Apt. 732,Brianton,NH,28911,1966-05-21,Active
1671,Jesus,,Jesus_Bird@COMPANY.COM,2023-01-07,Data Engineer,HR,"₹101,665",,,South Timothy,HI,82120,1993-05-20,Active
1672,Jennifer,Holmes,Jennifer_Holmes@COMPANY.COM,2019-02-22,Software Engineer,IT,"39,384",2003,682 Kemp Stream,Youngmouth,TX,86426,1982-10-28,
1673,Melanie,,Melanie.Lindseycompany.com,2021-01-21,Manager,Finance,"100,805",2001,2102 Peterson Creek Apt. 990,Penachester,AK,59780,2000-12-18,Active
1674,Vincent,Harrington,Vincent_Harrington@COMPANY.COM,2022-04-23,Data Analyst,IT,87186,,275 Arnold Centers Suite 799,South Devin,MI,53269,1967-12-25,Active
1675,Elizabeth,Collins,Elizabeth@company,2020-11-03,Data Analyst,HR,$22937,,941 Dixon Prairie Apt. 899,Wesleyton,MI,61002,1983-12-14,
1676,,Cook,Laura_Cook@COMPANY.COM,2021-10-20,Data Analyst,IT,92952,2001,139 Walker Greens,New Brettburgh,ND,12018,2007-07-30,Active
1677,Amanda,Gonzalez,,2024-11-03,Software Engineer,HR,110522,2002,873 Mark Radial,North David,KS,36878,1992-06-30,Active
1678,Dawn,Adams,Dawn.Adams@company.com,2019-11-05,Software Engineer,it,$79138,,5265 Stephens Square,South Melody,NY,82790,1977-07-09,
1679,Michael,Howard,Michael.Howard@company.com,2017-08-02,Software Engineer,it,"39,838",2002,989 Connie Circles Suite 541,Port Benjaminland,SC,21217,2003-01-30,active
1680,Aaron,Roach,,2021-04-24,Software Engineer,IT,61263,2003,7512 Morales Highway,West Daniel,MI,32571,1971-08-19,
1681,Pamela,SHORT,Pamela_SHORT@COMPANY.COM,2026-01-17,Software Engineer,Finance,$84332,,0052 Berry Via Suite 129,South Candaceberg,CA,25980,1978-12-16,
1682,Michelle,Casey,Michelle.Caseycompany.com,2021-06-21,Manager,IT,,2003,2470 Hardin Islands,North George,DE,21366,1992-11-30,
1683,Natalie,Russell,Natalie.Russell@company.com,2025-04-08,Data Engineer,IT,"115,038",,05901 Ethan Overpass Suite 571,Wilsontown,IN,17931,1989-02-24,active
1684,Curtis,Morris,Curtis_Morris@COMPANY.COM,2026-12-13,Data Analyst,HR,$105400,,794 Marcia Key,Lake Steven,ME,28839,2005-03-12,active
1685,Tiffany,James,Tiffany_James@COMPANY.COM,2023-08-24,Software Engineer,it,"₹105,455",,,Christophertown,NY,54043,1969-08-19,
1686,Thomas,Ortiz,Thomas_Ortiz@COMPANY.COM,2020-05-09,Manager,IT,"$43,406",,17619 Gordon Forks Suite 673,Stricklandstad,KY,49797,1969-06-30,INACTIVE
1687,Ebony,Branch,,2023-05-06,Data Analyst,marketing,"₹45,970",,394 Lindsay Cliffs,Annebury,PR,16206,2002-12-25,INACTIVE
1688,Frances,Lozano,Frances.Lozano@company.com,2018-12-27,Software Engineer,Sales,"77,863",,7186 Tammy Centers,West Christian,AS,80182,1985-08-13,INACTIVE
1689,Amber,Miller,Amber@company,2022-06-01,Data Engineer,it,41583,2003,31278 Jennifer Prairie Apt. 293,South Elizabeth,VA,26855,1991-04-30,
1690,Peter,CARSON,Peter.CARSON@company.com,2017-03-21,Data Analyst,Analytics,115806,,2489 Davis Creek Suite 059,Lake Jasonbury,NV,97228,2001-02-13,Active
1691,Joe,Suarez,,2018-10-11,Data Engineer,Analytics,$25586,,8932 Michael Fields,Jamesberg,VA,64074,1979-09-09,
1692,Ross,Oneal,Ross.Oneal@company.com,2022-09-29,Data Engineer,Analytics,$33994,,594 Salazar Creek Suite 364,Lake Makaylaberg,PR,08965,1968-07-17,
1693,Kathleen,Brown,KathleenBrown@company.com,2026-01-07,Data Analyst,Analytics,56297,2001,6537 Kenneth Fall,West Edward,GU,90796,1980-09-24,
1694,Michael,Bailey,,2027-03-29,Software Engineer,IT,,,883 Velasquez Roads,Kimberlyport,WI,49812,1982-01-14,
1695,Robert,ARNOLD,,2017-10-30,Data Analyst,IT,"₹47,319",2001,366 Donald Corners,West Williamstad,PW,99599,1999-06-16,
1696,Adam,Reeves,Adam.Reeves@company.com,2016-11-27,Software Engineer,Analytics,"₹110,809",,4110 Adams Plaza Suite 196,Thompsonchester,FM,79728,2002-01-19,
1697,Adam,Long,Adam.Longcompany.com,2024-06-25,Manager,Analytics,87213,2001,25108 Galvan Hills,Jordanville,PW,44776,1983-07-30,active
1698,Miguel,Romero,Miguel.Romerocompany.com,2024-11-13,Data Analyst,Analytics,"₹76,891",2001,66736 Travis Fall Apt. 908,Sextonside,NJ,47816,1969-12-18,active
1699,Crystal,Gray,Crystal@company,2020-07-01,Software Engineer,Finance,71467,2003,747 Richard Inlet Apt. 901,Port Richardhaven,FM,77372,2006-07-02,
1700,Robert,Smith,,2021-02-17,Manager,IT,,,4510 Jennifer Cove,Port Adam,ND,60270,1983-01-15,
1701,Tracey,Mathews,Tracey.Mathews@company.com,2023-05-14,Data Analyst,Sales,$28757,2001,,Robinsonbury,TN,94255,2007-12-05,
1702,John,Hughes,John.Hughescompany.com,2024-03-06,Manager,marketing,"₹31,447",,9212 Timothy Way,Wandaside,AZ,82891,1977-01-23,INACTIVE
1703,Frank,Wilson,Frank@company,2017-03-02,Data Engineer,it,"₹106,072",,219 Anderson Union Suite 353,Yutown,WI,07237,2007-12-08,
1704,Timothy,Marsh,Timothy.Marshcompany.com,2023-09-15,Data Analyst,IT,70780,,88189 James Islands,Peterhaven,PA,55791,1995-01-06,INACTIVE
1705,Ryan,Brooks,Ryan@company,2018-12-06,Manager,marketing,"103,021",2003,9629 Russell Falls,Cohenchester,SD,64654,1967-01-31,
1706,Roy,Thomas,RoyThomas@company.com,2019-07-01,Software Engineer,Sales,"₹48,616",2003,39270 Nelson Plain,East Gregory,OR,91034,1999-12-12,Active
1707,Meagan,PARRISH,Meagan.PARRISHcompany.com,2017-11-25,Manager,HR,"$45,972",2003,00364 Jackson Field Suite 879,West Jessicahaven,IA,36797,1988-08-20,
1708,Lauren,Moran,Lauren@company,2021-03-18,Software Engineer,HR,"47,581",,,Parkerchester,AZ,32204,1983-11-03,active
1709,Kimberly,Johnston,Kimberly.Johnstoncompany.com,2023-09-06,Data Engineer,Analytics,,2001,0657 Bonilla Lights,Thomasview,SD,47065,1975-04-17,
1710,john,,johnJohnson@company.com,2018-10-24,Data Engineer,marketing,"₹113,867",,36571 Hughes Throughway,Janestad,AL,63159,1986-06-25,
1711,Trevor,James,Trevor.Jamescompany.com,2021-10-04,Software Engineer,Analytics,"98,235",,,Pennyhaven,NV,21114,2001-03-15,INACTIVE
1712,Christine,Lambert,,2020-08-04,Manager,Analytics,56702,,562 Jennifer Spur Apt. 184,Payneview,MN,14293,1974-03-13,INACTIVE
1713,Derrick,Cruz,Derrick_Cruz@COMPANY.COM,2022-06-26,Manager,it,"₹23,295",,8547 Anna Union,South Lori,KY,09160,1976-09-04,Active
1714,alan,POPE,alan_POPE@COMPANY.COM,2016-06-09,Software Engineer,Sales,"89,593",2002,83885 Webb Causeway,Harrisburgh,NV,05237,1993-03-08,active
1715,James,Jones,James.Jones@company.com,2022-01-03,Data Analyst,marketing,,2001,5219 James Ranch,Gabrielfort,FL,44928,1995-03-01,
1716,Michael,Bender,Michael_Bender@COMPANY.COM,2026-01-02,Data Analyst,Analytics,$108327,,8024 Jones Forge,Arielmouth,CA,60173,2006-10-18,
1717,James,Chapman,JamesChapman@company.com,2018-04-16,Manager,Sales,"₹33,532",2002,28927 Carroll Manors,Port Nicole,AL,04172,1984-09-17,Active
1718,Charles,WILLIAMS,Charles.WILLIAMScompany.com,2020-05-11,Software Engineer,IT,"$27,270",2001,,Cookview,PW,82023,1991-04-02,INACTIVE
1719,Alexis,Myers,Alexis.Myers@company.com,2020-09-18,Data Analyst,it,"$105,256",,670 Mcgee Gateway,Port Cynthia,SD,73567,1968-11-03,INACTIVE
1720,Karen,Long,KarenLong@company.com,2017-12-05,Manager,IT,"₹29,040",2002,,Johnsonshire,TX,03997,1995-06-14,Active
1721,kyle,Johnson,kyle_Johnson@COMPANY.COM,2023-10-29,Software Engineer,marketing,,2001,9081 Heather Forge,Ellisonmouth,HI,54569,2006-05-30,Active
1722,christina,Thomas,christinaThomas@company.com,2019-10-01,Data Engineer,Analytics,"103,478",,446 Gregory Creek,East Gregoryburgh,FM,50077,1974-06-08,INACTIVE
1723,rachel,King,,2022-03-12,Data Engineer,IT,,2002,722 Brown Lane,Johnsonton,OK,49298,2006-05-06,
1724,jonathan,Rosales,,2016-10-08,Software Engineer,marketing,"92,466",2001,09745 Smith Well,Nancyhaven,NC,43808,1970-07-31,
1725,Caitlin,Mitchell,,2025-10-30,Data Analyst,Analytics,"$103,281",,31154 Jose Haven,Ramirezburgh,RI,74157,2006-11-22,
1726,Charles,Wood,,2021-11-29,Data Engineer,it,$93317,,690 Woods Track,New Stephenmouth,NY,12492,1992-04-04,INACTIVE
1727,Tracey,Curry,Tracey_Curry@COMPANY.COM,2022-11-07,Data Analyst,IT,110309,,916 Nicholas Greens Suite 693,Madisonmouth,UT,72730,1976-11-01,Active
1728,Wesley,Thomas,Wesley@company,2021-10-27,Software Engineer,it,"₹70,468",,316 Armstrong Parkway Apt. 679,Lake John,IL,52299,1985-04-24,
1729,Raymond,Rose,,2017-05-23,Data Engineer,marketing,$117234,,562 Chad Trail,Mcintyreborough,CA,53198,1984-01-09,Active
1730,Courtney,Christensen,CourtneyChristensen@company.com,2019-05-18,Data Analyst,marketing,102930,2003,775 Flores Courts,Markport,IL,60617,2005-02-20,INACTIVE
1731,Leslie,Pena,Leslie.Penacompany.com,2026-02-16,Manager,Sales,,2002,0265 Hahn Curve Suite 506,Barneshaven,MH,06183,1972-01-17,INACTIVE
1732,Samantha,WALTON,,2022-07-05,Data Engineer,it,"21,888",2002,846 Annette Burg Apt. 957,Rogerland,MI,48763,2005-03-31,Active
1733,Fred,Romero,Fred@company,2021-12-06,Data Engineer,Finance,"₹90,259",,1527 Lori Manor Suite 741,Paulstad,DE,84207,2007-11-30,Active
1734,Jennifer,BLAKE,Jennifer@company,2017-12-17,Manager,Finance,"₹57,698",2001,569 James Bridge Apt. 132,Herrerahaven,MT,21549,1982-02-14,
1735,alex,Mullen,,2026-06-05,Manager,Analytics,"98,112",2001,32076 Brian Key,Edwardburgh,WY,43442,1976-11-30,active
1736,Todd,Holt,Todd.Holtcompany.com,2019-03-29,Data Engineer,Sales,$65777,2001,082 Jennifer Highway,Brownview,SD,66726,1977-03-08,Active
1737,Chelsea,Flowers,Chelsea@company,2017-03-12,Data Analyst,marketing,"90,041",,094 Andrew Orchard Suite 319,West Dianeborough,TN,24972,1995-08-15,Active
1738,Kristen,Jenkins,Kristen.Jenkins@company.com,2023-10-01,Data Analyst,Sales,"$33,221",2001,5530 Matthew Highway,Lake Courtney,KS,11302,1997-07-27,active
1739,Grace,Prince,Grace.Princecompany.com,2024-10-23,Data Engineer,HR,"106,461",,99876 Frederick Island,East Sarah,IL,48284,1967-11-05,Active
1740,John,Lee,John.Leecompany.com,2022-04-03,Manager,it,$97933,2002,66594 Jeffrey Crossing Apt. 245,Lake Andrew,NC,75854,1971-05-15,active
1741,Aaron,JACKSON,Aaron_JACKSON@COMPANY.COM,2018-04-30,Manager,HR,"$103,617",2003,87680 Julie Garden,South Jeremiah,ME,26918,2004-02-05,
1742,melissa,Kennedy,melissa_Kennedy@COMPANY.COM,2019-03-10,Data Analyst,it,"85,980",,9155 Janice Highway,North Jasonburgh,NJ,90990,1984-06-14,INACTIVE
1743,John,Cole,John.Colecompany.com,2024-02-20,Manager,Analytics,,,8506 William Key,North Donald,ID,64621,1983-07-16,Active
1744,Lauren,Flores,,2022-04-22,Software Engineer,Analytics,"$118,020",2002,54425 Joshua Trail Suite 936,Port Stevenbury,NV,29449,1976-08-18,
1745,Adam,Robinson,Adam@company,2020-01-15,Software Engineer,Analytics,"₹46,529",,206 Villa Union Apt. 717,West Martintown,AZ,76815,1973-02-27,active
1746,Elizabeth,Chavez,,2020-08-01,Data Engineer,marketing,"₹32,512",,8226 Rivera Road Apt. 127,Morganberg,MH,10525,1971-12-23,
1747,Thomas,Evans,Thomas.Evanscompany.com,2021-09-17,Manager,Analytics,"$79,524",,260 Ramirez Roads Apt. 561,North Danielview,DE,23026,1985-12-25,
1748,Joseph,Ford,,2021-04-28,Data Analyst,Sales,$40272,,5318 Sullivan Haven,East Benjaminburgh,ID,30150,1976-01-09,
1749,Ryan,Franklin,,2025-08-04,Data Analyst,HR,"$118,588",,0355 Williams Hollow,Raybury,OK,89536,1992-12-26,
1750,Todd,Davis,Todd.Daviscompany.com,2022-05-30,Data Engineer,Sales,56142,,7726 Lawrence Lakes Suite 013,Scottstad,AS,60330,1976-12-23,
1751,kayla,SMITH,kaylaSMITH@company.com,2018-07-09,Manager,Sales,94707,2002,,Port Jonathanshire,MP,09352,1987-12-20,
1752,Robert,Le,Robert.Le@company.com,2023-12-21,Data Analyst,Analytics,$80644,2003,7607 Deborah Curve,Robertmouth,CA,40529,1989-07-30,
1753,jason,Evans,jasonEvans@company.com,2019-06-01,Software Engineer,Finance,"₹25,561",,1365 Hughes Ports,South Robert,ND,56025,1986-09-01,
1754,Carol,SCHWARTZ,CarolSCHWARTZ@company.com,2019-05-18,Data Engineer,HR,"52,249",2002,92004 Jackson Prairie Apt. 262,Johnstonview,PR,25341,1995-04-29,active
1755,Kara,Bailey,Kara.Baileycompany.com,2025-05-12,Data Analyst,it,87106,2001,108 Tammy Cliff,Dunnmouth,WV,39418,1995-12-25,Active
1756,Kenneth,Daniels,KennethDaniels@company.com,2024-02-03,Manager,IT,"₹45,635",2003,087 Carter Land Apt. 727,Lake Kaylaborough,AL,36692,1988-06-16,INACTIVE
1757,Robert,REEVES,Robert@company,2017-02-25,Software Engineer,marketing,$82589,2002,008 May Grove Apt. 437,Lake Joyce,NY,17937,2001-03-29,
1758,Kimberly,GILMORE,KimberlyGILMORE@company.com,2016-03-01,Data Engineer,Finance,80799,2003,886 Kathy Glen Suite 754,New Amandaville,OH,94613,2001-01-04,INACTIVE
1759,Travis,Wu,TravisWu@company.com,2024-05-01,Data Engineer,it,42195,2002,5095 Rachel Locks,Glenchester,NM,51735,1969-09-22,
1760,heather,Hall,heatherHall@company.com,2018-03-05,Data Engineer,marketing,109664,2001,756 Lucas Fort,Lake Williamview,VI,20747,1984-05-04,
1761,Mark,Graves,Mark.Gravescompany.com,2021-10-09,Software Engineer,Finance,"$119,856",2003,2132 Sabrina Place Suite 437,Bruceland,NE,56894,2004-09-28,active
1762,Dustin,Bryant,Dustin.Bryant@company.com,2020-11-17,Manager,Analytics,"59,454",,7122 Cynthia Park,Victoriaville,MD,83559,1975-12-10,active
1763,wanda,Bentley,,2017-05-12,Data Engineer,IT,99115,,363 Cynthia Mountains,Beckerchester,OR,85266,1995-02-23,Active
1764,Gregory,Holt,Gregory_Holt@COMPANY.COM,2021-09-22,Data Analyst,Sales,59103,2003,14609 Isaac Springs Apt. 654,Scottville,AK,27034,1998-02-01,Active
1765,jessica,WATERS,,2017-07-18,Manager,HR,"21,160",2003,844 Matthew Fork Suite 763,North Melanie,IL,09109,1979-08-19,
1766,Ann,Bailey,Ann_Bailey@COMPANY.COM,2021-11-02,Manager,Analytics,$99334,,991 Dean Shoals,Johnport,VI,01265,1977-07-02,Active
1767,Julie,Taylor,,2025-04-02,Data Engineer,Sales,"119,910",2002,4308 Davis Pine,West Angela,KY,77568,2000-05-24,
1768,Heather,Galloway,HeatherGalloway@company.com,2016-10-17,Software Engineer,it,"₹21,665",2001,105 Hernandez Plains Suite 423,South Heather,WI,97458,1973-03-28,active
1769,Darryl,SAUNDERS,Darryl.SAUNDERS@company.com,2021-03-02,Software Engineer,marketing,"118,377",,07629 Lee Port Apt. 850,South Ryan,VI,23326,1974-01-27,active
1770,Shaun,Mendoza,Shaun.Mendozacompany.com,2023-10-13,Data Engineer,Sales,,2002,62361 Stephanie Parkways Suite 127,South Lynnfort,MN,55772,1973-11-06,Active
1771,Nicholas,Myers,Nicholas_Myers@COMPANY.COM,2027-05-14,Data Analyst,it,"₹44,467",,02343 Padilla Fort Apt. 807,New Christopher,LA,22639,1995-05-25,Active
1772,Samantha,Cruz,Samantha_Cruz@COMPANY.COM,2018-08-30,Data Analyst,HR,,2002,3974 Davis Prairie Apt. 709,Davidmouth,OK,17321,1992-12-22,INACTIVE
1773,Katherine,Little,KatherineLittle@company.com,2017-09-26,Data Analyst,IT,$44007,,3722 Hill Knolls Apt. 596,East Rebeccatown,FL,15801,1985-08-27,INACTIVE
1774,Daniel,ALEXANDER,Daniel@company,2022-04-12,Software Engineer,Analytics,"₹22,083",2003,65344 Melinda Corner,South Teresaton,IA,30075,2007-09-19,active
1775,James,GONZALEZ,,2017-04-16,Manager,it,"₹119,429",,5362 Kayla Mall,West Sydney,SC,50229,1970-11-15,active
1776,Matthew,Smith,,2016-09-16,Manager,marketing,"27,644",,,North Jeffreymouth,WI,43889,1969-03-27,INACTIVE
1777,Kelly,Daugherty,Kelly_Daugherty@COMPANY.COM,2019-02-16,Data Analyst,IT,51270,,58847 Glenn Track,East Peter,NM,46741,2001-12-06,
1778,laurie,Watkins,laurie_Watkins@COMPANY.COM,2023-04-27,Manager,Sales,"₹111,960",,4909 Tyler Locks,East Williamhaven,ID,73517,2006-10-19,INACTIVE
1779,Renee,Sanchez,,2019-01-14,Data Engineer,IT,,2001,,West Wyatt,VT,45093,1991-01-03,Active
1780,Donna,Silva,DonnaSilva@company.com,2016-10-03,Manager,Analytics,$48095,2002,023 Emily Shores Suite 671,Jenniferberg,KS,24953,2000-12-23,INACTIVE
1781,Denise,Griffith,Denise@company,2018-12-09,Data Analyst,IT,95682,2003,314 Stephanie Walks Suite 788,Patrickmouth,MI,27420,1980-10-30,INACTIVE
1782,richard,Johnson,richardJohnson@company.com,2019-08-13,Software Engineer,Finance,,,891 Latasha Loop Apt. 392,South Michelle,FM,52213,1988-01-08,
1783,danielle,Kaufman,danielle@company,2025-07-04,Data Engineer,IT,,,964 Jones Parkways Suite 137,Mcneilfort,ND,16148,2007-04-14,Active
1784,Lisa,Fowler,Lisa_Fowler@COMPANY.COM,2019-06-16,Data Analyst,it,,2001,48274 Austin Canyon,Port Leslie,CT,78212,1996-11-17,Active
1785,Michael,WALTON,Michael.WALTONcompany.com,2025-11-29,Manager,IT,"₹68,172",2002,1159 Farrell Lakes Suite 717,East Rickyview,NV,79740,1996-09-23,active
1786,Brandon,Benson,Brandon.Benson@company.com,2023-11-23,Manager,IT,36240,2002,252 Lopez Shoal Suite 722,Angelicaborough,AL,83598,2000-10-15,
1787,Erik,Harding,Erik.Harding@company.com,2027-01-06,Manager,it,53319,2003,142 Raven Mall,Lake Davidfort,AK,36427,1981-08-27,
1788,Daniel,Shaw,Daniel.Shaw@company.com,2024-09-24,Data Engineer,IT,"₹60,063",2001,11426 Leslie Wall,Alexburgh,MH,47325,1997-02-15,
1789,Robert,Aguilar,RobertAguilar@company.com,2018-02-08,Data Engineer,Finance,"$30,319",2003,68713 Glass Flats,East Michaelbury,CO,56070,2000-06-19,INACTIVE
1790,Laurie,Cherry,Laurie.Cherry@company.com,2016-10-03,Manager,Sales,77342,2003,3845 Jonathan Turnpike,Coopershire,MN,87415,1969-02-12,Active
1791,Ashlee,WEST,Ashlee@company,2023-09-28,Software Engineer,HR,"$104,260",2003,72126 Dennis Burgs,Campbellville,MO,06308,1993-06-05,
1792,kristy,Williams,,2021-12-31,Data Engineer,marketing,41298,2002,0358 Suzanne Circle Apt. 654,Johnstonmouth,AK,12393,1978-10-11,Active
1793,joshua,Velez,,2023-05-06,Manager,it,,,4587 Ashley Harbors,Taylorbury,CA,73553,1986-10-04,
1794,Leslie,Wiley,Leslie@company,2017-03-12,Data Analyst,IT,$55023,,759 Lauren View Apt. 940,Port Holly,WI,32555,1993-06-23,active
1795,Deborah,Frank,,2024-05-04,Software Engineer,marketing,"₹75,475",2002,81858 Brandon Square Apt. 026,North Kristenland,MP,75607,1972-05-26,INACTIVE
1796,James,THOMPSON,,2018-08-19,Data Analyst,Sales,95557,2003,23904 Jesse Extension Apt. 645,West Howard,MP,39400,1977-03-29,Active
1797,Monica,WOODS,,2016-09-15,Manager,IT,,2001,57417 Lewis Street Apt. 545,West Misty,AS,67768,1973-01-16,
1798,Christina,Arias,Christina.Arias@company.com,2024-03-11,Software Engineer,it,$37340,2001,31652 Brown Station Suite 800,Hansenmouth,WA,43032,1968-09-23,Active
1799,David,ROSE,,2025-04-29,Data Engineer,HR,$26961,2002,0753 William Common Apt. 879,Port Jennaville,MI,69307,1968-11-11,
1800,Joseph,HALL,Joseph.HALLcompany.com,2020-04-01,Manager,it,"112,367",2001,6248 Joshua Spring,Shannonview,CA,49129,1987-03-20,
1801,Sheila,Greene,Sheila_Greene@COMPANY.COM,2017-12-28,Data Analyst,IT,"$67,183",2002,815 Nicholson Hollow Apt. 903,Lake Johnny,ID,35807,1992-11-29,active
1802,Justin,Martin,JustinMartin@company.com,2023-01-02,Software Engineer,Analytics,84126,2001,27352 Frazier Dam Apt. 129,New Carly,PA,48105,1985-09-21,active
1803,Aaron,Walls,,2018-02-01,Data Analyst,Finance,$58019,2002,86490 Douglas Road Suite 201,Lake Deborahtown,NH,08911,1998-09-18,INACTIVE
1804,James,WHITE,,2019-10-25,Data Analyst,HR,$23586,,6511 Williams Place,Lake David,NV,98678,2000-03-27,
1805,Benjamin,Li,Benjamin.Licompany.com,2025-04-13,Software Engineer,Analytics,$61194,,379 Rodgers Fort Apt. 894,Thompsonberg,VI,69975,1969-02-05,active
1806,kara,Mendoza,kara.Mendozacompany.com,2019-06-22,Data Analyst,it,93019,2002,672 Suarez Divide,West Jamesberg,PR,69699,2002-08-25,
1807,Patricia,Reeves,Patricia_Reeves@COMPANY.COM,2020-10-23,Manager,marketing,"₹89,366",,,Cindyfurt,WA,10191,1973-08-02,active
1808,Amanda,Taylor,AmandaTaylor@company.com,2017-09-01,Data Engineer,it,"₹64,953",2003,3352 Justin Run Apt. 152,South Ricky,WA,73191,1968-07-30,active
1809,Colton,GARCIA,ColtonGARCIA@company.com,2023-05-26,Data Engineer,it,,,0328 Nicole Crescent Apt. 404,Lauratown,HI,97793,1976-09-20,active
1810,corey,WALKER,corey.WALKER@company.com,2025-03-08,Software Engineer,it,$111394,2001,9439 Michael Underpass Suite 340,West Christinemouth,MI,41104,1996-05-10,active
1811,frank,Smith,frank.Smithcompany.com,2023-09-28,Data Analyst,Sales,"107,796",2003,2672 Susan Springs Apt. 985,Sanchezview,FM,37721,2007-10-25,
1812,Kevin,Vaughn,KevinVaughn@company.com,2023-07-26,Data Engineer,Sales,"$75,100",,6435 Frederick Center,Port Linda,IA,16332,1966-11-18,
1813,Samantha,Quinn,,2025-12-01,Data Engineer,it,"₹104,928",,43411 Perry Mountains,Ellisberg,LA,94007,1986-01-25,active
1814,Matthew,Foster,,2025-03-25,Manager,HR,98650,2003,,Johnmouth,GA,28775,2007-02-16,
1815,Mark,Anderson,Mark.Andersoncompany.com,2019-06-22,Software Engineer,Analytics,,2002,79189 Stephen Hollow,Morrisonville,TX,97702,1999-08-01,INACTIVE
1816,Bradley,Sharp,Bradley_Sharp@COMPANY.COM,2019-06-07,Manager,marketing,"$117,774",,28746 Baker Plains,Jonesburgh,PW,17779,1979-06-25,Active
1817,jared,Garza,jared_Garza@COMPANY.COM,2020-06-28,Data Engineer,Analytics,"72,445",,65159 Riddle Rest,Lake Brandonchester,OR,82819,1972-01-31,Active
1818,Heather,Howe,Heather.Howecompany.com,2022-10-25,Data Analyst,marketing,"$55,656",2003,4299 Cole Parks Suite 770,Humphreyport,ME,88345,1986-08-26,
1819,Abigail,Dean,Abigail_Dean@COMPANY.COM,2021-09-22,Data Engineer,marketing,,2003,1904 Montgomery Glen Apt. 693,East Angelicafurt,NE,43221,1975-08-17,
1820,Jordan,Armstrong,,2023-06-16,Data Analyst,marketing,"$73,950",,837 Coleman Mission Suite 148,Port Marc,AZ,11090,1974-01-14,
1821,Tracey,Maxwell,,2020-09-06,Manager,IT,29486,2001,,Davistown,WV,03496,1992-07-21,Active
1822,Howard,Kirby,,2017-06-14,Data Analyst,HR,"20,220",2003,21926 Brown Vista,Tylerburgh,NV,36589,1983-12-27,active
1823,Christine,Gardner,,2024-10-28,Data Analyst,marketing,110027,2001,07217 Harding Stream Suite 881,Whitemouth,NY,02531,1976-08-14,
1824,anthony,Wood,anthony_Wood@COMPANY.COM,2024-12-23,Software Engineer,marketing,32645,2003,94075 Kent Turnpike,North Carolynfurt,GU,71425,1976-04-06,Active
1825,Christopher,Hanson,,2024-03-22,Manager,Finance,"$94,940",2002,8866 Rivera View,Hannahland,UT,39390,1978-08-18,INACTIVE
1826,nicholas,Hogan,nicholas@company,2020-03-12,Data Engineer,marketing,"₹73,036",2002,458 Lee Shoals,Port Sean,MN,71508,2007-04-13,INACTIVE
1827,John,Braun,,2024-04-15,Software Engineer,Sales,36833,2003,303 Matthew Mountain Apt. 388,Pamelamouth,IL,70369,1968-12-15,active
1828,Terri,Burke,,2018-08-26,Software Engineer,HR,"83,866",,379 John Square,Brownhaven,ID,65917,1976-06-13,Active
1829,michael,Wilson,,2016-11-15,Software Engineer,HR,77886,2002,65076 Barnes Well,Rogersfurt,ME,17874,1984-02-08,
1830,Paul,GREEN,PaulGREEN@company.com,2019-03-06,Manager,it,"31,399",,56826 Steven Via,Snyderfurt,MN,42298,1974-06-27,Active
1831,Brenda,Arnold,Brenda.Arnoldcompany.com,2025-06-15,Manager,marketing,"101,151",2001,66382 Dorothy Forge Apt. 766,Staceyview,SD,21523,1973-02-27,active
1832,Adam,Griffin,AdamGriffin@company.com,2020-12-27,Software Engineer,Finance,"70,439",,16147 Mariah Row,Lake Ryan,AZ,39911,2007-09-15,active
1833,Laura,Bishop,Laura.Bishop@company.com,2017-11-08,Data Analyst,IT,"₹98,749",2003,398 Franklin Hollow Apt. 874,Hunthaven,LA,67355,1973-06-03,
1834,Alejandro,MONTOYA,AlejandroMONTOYA@company.com,2023-03-18,Data Engineer,Analytics,113891,2001,23252 Rhodes Drive Apt. 179,Julianton,KY,79069,1983-06-21,
1835,John,Manning,,2018-10-30,Manager,Finance,113986,2002,88249 Garcia Prairie,South Loganfurt,FM,69051,1992-04-03,active
1836,Anthony,SMITH,,2024-02-12,Data Analyst,Sales,"94,818",2001,,Keithchester,SC,30472,1978-09-21,INACTIVE
1837,Brittney,Ellis,,2027-02-08,Data Engineer,marketing,"$82,380",,5136 Joshua Camp Apt. 209,Hughesberg,FL,22617,1983-01-23,
1838,Arthur,Welch,Arthur.Welchcompany.com,2018-06-13,Data Engineer,marketing,,2002,14215 Morgan Stream,Tanyaport,IA,96333,1967-09-10,INACTIVE
1839,Stephen,Blankenship,Stephen_Blankenship@COMPANY.COM,2025-01-25,Data Engineer,it,"$90,148",,11992 Hoffman Locks Apt. 380,Port Tonyaside,ND,28175,1973-11-22,INACTIVE
1840,candice,Johnson,candice@company,2017-12-29,Manager,Analytics,"38,668",,64663 Baker View Suite 184,North Christopher,RI,01169,2005-05-23,Active
1841,,Rivera,,2019-05-10,Software Engineer,Finance,,,7704 Mendoza Flats,Changmouth,IA,08863,1967-07-31,INACTIVE
1842,david,Poole,davidPoole@company.com,2016-10-16,Software Engineer,Sales,93346,,59892 Karen Isle,Reeseborough,MS,47362,2003-09-28,active
1843,Matthew,Foster,Matthew.Fostercompany.com,2024-05-19,Manager,Sales,"₹56,946",,46802 Stark Drive,Kristophershire,CA,59626,1986-08-01,INACTIVE
1844,Christopher,Howard,Christopher_Howard@COMPANY.COM,2024-07-19,Manager,marketing,"80,844",2001,6499 Pittman Cape Suite 556,Samanthaland,NC,41992,1981-12-26,Active
1845,Crystal,Williams,Crystal@company,2025-09-26,Software Engineer,marketing,"$82,019",2002,297 Erik Shoals,Jennifermouth,AK,63222,1989-11-24,Active
1846,Laurie,CAIN,Laurie.CAIN@company.com,2026-08-08,Manager,IT,,2002,0331 Dylan Isle,Stacyfurt,TN,07271,1996-09-17,
1847,Jessica,Thomas,JessicaThomas@company.com,2021-05-02,Software Engineer,Analytics,76807,2003,3794 Jared Via,New Mario,WI,72500,1993-05-14,active
1848,Richard,Bishop,Richard@company,2019-01-09,Software Engineer,HR,"$80,339",2002,05098 Brett Square Apt. 338,North Timothyport,PW,73024,1974-01-12,Active
1849,William,Fernandez,William_Fernandez@COMPANY.COM,2020-08-07,Data Engineer,IT,"₹117,024",,58944 Meyers Meadows,West Markfurt,AZ,19419,1983-09-25,active
1850,Kimberly,Kelley,,2023-01-03,Software Engineer,Finance,"34,724",,695 Peter Groves,West Jamesburgh,MT,32679,2001-08-07,INACTIVE
1851,Natasha,Larson,Natasha_Larson@COMPANY.COM,2021-03-26,Data Engineer,IT,,,6308 Martin Lock Suite 700,North Carlos,GU,86835,2004-07-14,active
1852,Louis,Mcdowell,Louis@company,2023-09-10,Software Engineer,Sales,$28489,2001,110 Miller Tunnel,Melissaview,VI,22558,2003-04-27,INACTIVE
1853,David,Pope,,2025-11-25,Software Engineer,HR,,,23867 Sean Causeway Apt. 986,Port Henry,MD,08989,1985-11-28,
1854,Tara,Alexander,TaraAlexander@company.com,2020-06-03,Data Engineer,IT,$79519,,39740 Riley Junction Suite 536,Jeremiahmouth,VT,69090,1975-10-28,
1855,erica,ARNOLD,,2025-05-25,Data Engineer,Finance,"$24,747",2001,3615 Good Drives Suite 407,North Henryport,NH,08046,1969-10-15,
1856,Margaret,Jimenez,Margaret@company,2022-04-08,Software Engineer,Sales,,2002,32663 Bell Mill,Karenton,IA,86909,1995-07-23,
1857,Jamie,COOPER,Jamie.COOPERcompany.com,2026-01-15,Manager,it,,2003,8480 Johnson Summit,Lake Adamton,SC,43577,1977-10-12,active
1858,gary,Mckenzie,gary.Mckenzie@company.com,2020-11-20,Data Analyst,marketing,102097,,4935 Barrera Mountain Suite 054,Watsonside,MP,69758,1999-02-20,
1859,Courtney,Smith,Courtney.Smith@company.com,2025-08-09,Data Engineer,it,"31,268",,6574 Hawkins Locks Apt. 723,Richardland,MA,55846,1966-10-12,INACTIVE
1860,James,Vazquez,,2016-12-30,Software Engineer,Sales,44370,,4472 Karla Oval,Port Cassandra,MA,10477,1998-05-01,
1861,Amanda,Martinez,Amanda@company,2017-07-11,Data Engineer,IT,"$108,710",,128 Bryan Roads Apt. 276,Careybury,PW,16343,1983-04-29,INACTIVE
1862,Stephen,Morrison,Stephen.Morrisoncompany.com,2023-08-19,Data Analyst,marketing,"$50,246",2002,28583 Gerald Field Apt. 683,Kathleenmouth,MS,21239,1979-05-04,Active
1863,Denise,Mendoza,Denise.Mendoza@company.com,2022-05-09,Data Analyst,marketing,"₹31,091",2001,0736 Harrison Island Apt. 985,Lake Melissaburgh,SC,47841,1973-06-27,active
1864,Christina,Martin,ChristinaMartin@company.com,2023-11-24,Data Engineer,it,"₹42,975",2003,929 Smith Haven Suite 520,South Katherinebury,NM,10101,1972-03-04,Active
1865,jacqueline,Sullivan,jacqueline_Sullivan@COMPANY.COM,2016-12-29,Manager,Sales,$107112,2001,09167 Andre Court Suite 200,Hallton,IN,56233,1971-03-16,
1866,John,Walls,,2017-11-06,Software Engineer,HR,"57,416",2003,802 Jennifer Plains,East Luismouth,AS,17498,1976-06-15,
1867,brandon,Miller,brandonMiller@company.com,2021-01-16,Manager,marketing,"79,692",2002,30353 Crystal Streets,Lake Andrew,PA,08547,1983-09-06,Active
1868,Laura,Jones,Laura.Jones@company.com,2016-07-24,Data Engineer,Analytics,"₹106,876",2001,1817 Alejandro Flats Suite 556,South Jason,FL,56642,1973-12-07,
1869,jared,Donovan,jared@company,2021-08-25,Data Engineer,Finance,"$36,587",2003,082 Rebecca Views Apt. 323,Bartonfort,FL,25474,2000-11-20,INACTIVE
1870,lauren,RICHARDSON,laurenRICHARDSON@company.com,2023-05-16,Manager,Analytics,42401,2001,73181 Destiny Meadows,South Joseph,ND,21538,1996-11-22,INACTIVE
1871,Matthew,Brooks,,2018-12-24,Data Engineer,it,"35,725",,91516 Taylor Glen Suite 166,West Tracyland,OR,26204,1976-11-03,
1872,Kathleen,JONES,Kathleen.JONEScompany.com,2025-05-10,Data Analyst,Sales,"$58,060",2002,,North Cassandratown,TN,74868,2005-12-27,
1873,julie,Dean,,2019-08-20,Data Analyst,marketing,$47437,2002,7916 Sherman Hills,Port Ronald,WY,39624,1984-02-10,Active
1874,Edgar,DOWNS,Edgar.DOWNScompany.com,2026-12-24,Manager,Analytics,,2001,6648 Maria Route Apt. 075,Port James,UT,04299,1992-10-04,INACTIVE
1875,Brenda,CONRAD,Brenda_CONRAD@COMPANY.COM,2022-03-18,Data Analyst,Finance,"$76,745",,7061 Johnson Viaduct,North Ambershire,MH,89930,2001-03-17,Active
1876,Lori,BURNETT,Lori@company,2023-04-06,Manager,HR,"₹74,050",2003,380 Mccarthy Lodge Apt. 504,Port Lynn,MO,57693,1991-05-03,
1877,Kevin,RUBIO,,2016-01-27,Software Engineer,Sales,"₹57,511",2001,56499 Carter Dam,Matthewsside,DE,04354,1987-02-13,active
1878,Amanda,Becker,Amanda@company,2019-01-07,Data Engineer,Finance,"$72,003",2002,6559 Sherry Course,West Judyberg,PW,33035,1989-04-17,INACTIVE
1879,john,Rose,johnRose@company.com,2025-07-07,Data Analyst,Sales,"₹102,679",,1137 Stephanie Fork Suite 355,Amberstad,WY,07151,1979-01-06,
1880,Timothy,,Timothy_Mcdonald@COMPANY.COM,2016-10-25,Manager,Finance,"52,521",2003,0168 Jessica Fields,Laurenfurt,LA,96427,1976-05-02,
1881,Steven,Mcguire,,2025-07-18,Data Engineer,Analytics,"$71,703",2001,910 Justin Inlet,East Bradley,OK,52583,1979-11-10,
1882,courtney,Cooke,,2022-06-09,Data Analyst,HR,$46045,2003,2031 Lisa Shores,Diazmouth,AZ,12184,1971-01-12,Active
1883,,Hunter,John@company,2018-09-07,Manager,HR,"₹42,831",,46717 Sloan Ferry Apt. 971,New Amanda,MT,34633,1971-02-11,active
1884,Edwin,Thompson,Edwin_Thompson@COMPANY.COM,2018-06-05,Data Analyst,HR,"113,242",,577 Zachary River,Raymondview,PR,77308,1995-06-13,Active
1885,Christopher,Villa,,2023-04-20,Software Engineer,it,"₹114,572",,188 Browning Summit Suite 065,New Danielleborough,SC,58056,2003-09-08,INACTIVE
1886,Stephen,SHIELDS,,2021-08-06,Data Analyst,Analytics,,,5218 David Inlet Apt. 312,Carolynside,IA,48852,1991-05-30,
1887,Louis,SIMS,,2025-09-14,Software Engineer,it,,2003,,Thompsonfort,NY,47370,1996-10-18,active
1888,Luke,Hunt,,2021-10-09,Software Engineer,Sales,72087,,607 Lopez Freeway Suite 425,Whiteville,GU,76313,1975-05-20,
1889,Eric,Hayes,Eric@company,2018-11-05,Data Analyst,marketing,47550,2003,656 Cook Ford,Wattsland,MP,15309,1974-09-01,
1890,Samantha,Moore,,2019-11-30,Software Engineer,it,51265,2003,7058 Trevor Forge,West Debraville,MN,43972,1972-09-26,active
1891,daniel,Jackson,daniel@company,2024-08-03,Manager,Finance,,2001,513 Bradley Street,Lake Vanessamouth,AL,28074,1972-06-27,
1892,Kristen,Scott,Kristen.Scott@company.com,2017-05-14,Data Analyst,Finance,$57460,,82535 Alvarado Ridge Apt. 714,Fuentesborough,MP,46250,1990-01-03,
1893,christopher,Miller,christopher_Miller@COMPANY.COM,2025-10-21,Data Engineer,HR,82462,,145 Summer Courts Apt. 627,Jenniferhaven,CA,01448,1972-01-14,
1894,Marcus,Adams,,2025-07-08,Software Engineer,HR,"₹38,687",,135 Tyler Keys,Garystad,MN,31189,2004-11-17,
1895,Katherine,Phillips,Katherine@company,2025-12-22,Software Engineer,HR,"₹108,158",,,New James,MP,82620,1975-10-23,INACTIVE
1896,William,Campos,William.Campos@company.com,2022-11-01,Data Engineer,Finance,$37794,2001,349 Trevor Causeway Apt. 396,Watkinsfort,ID,23249,1991-01-23,
1897,Austin,Young,AustinYoung@company.com,2025-05-24,Manager,Analytics,"71,396",,127 Thompson Stravenue Suite 137,Maryfort,AL,61477,1982-10-01,
1898,tammy,VINCENT,tammyVINCENT@company.com,2017-06-27,Manager,IT,"₹101,870",,3110 Carolyn Village Apt. 379,Derekmouth,SC,14793,1969-12-20,INACTIVE
1899,Matthew,Davidson,Matthew.Davidson@company.com,2019-05-23,Software Engineer,marketing,"55,664",,61202 Cindy Lights,West Jeremy,AK,33022,1973-06-20,
1900,Mckenzie,Gutierrez,,2019-11-19,Data Analyst,Finance,"$119,535",2002,49426 Gene Corner Suite 625,East Cynthia,SC,03872,1987-05-17,active
1901,Frank,Farmer,,2016-07-12,Software Engineer,Analytics,"$75,143",,1292 John Extensions,North Matthewchester,NJ,52595,1981-12-05,
1902,Justin,Harris,Justin_Harris@COMPANY.COM,2017-12-04,Data Engineer,Sales,111598,2001,43906 Richards Mountain Suite 240,New Anthony,DE,42927,1987-06-22,Active
1903,Jo,Martinez,,2018-09-12,Software Engineer,marketing,47960,2002,7643 Christy Gateway Suite 879,Johnsonbury,VI,16616,1991-03-04,
1904,daniel,Jones,daniel@company,2022-12-31,Software Engineer,HR,,2002,70461 Jonathan Rapid,West Robertburgh,GU,54135,2005-11-22,INACTIVE
1905,jeffrey,Sharp,jeffrey.Sharp@company.com,2019-03-31,Manager,Sales,55811,2002,893 Harris Mountains,Lake Robert,MA,02409,1990-10-03,Active
1906,Suzanne,HODGE,,2016-08-30,Data Analyst,marketing,,,1903 Martinez Divide,Patrickberg,FM,87478,1997-04-03,INACTIVE
1907,Molly,Preston,,2018-06-02,Manager,marketing,45803,2002,267 Thomas Parks Suite 116,North Lindabury,PW,15495,1973-02-22,
1908,Melissa,Love,,2023-02-10,Data Engineer,Sales,$30705,2002,891 Ross Forge Suite 761,Lake Ashleestad,OR,40568,1985-11-09,active
1909,benjamin,Armstrong,benjamin.Armstrongcompany.com,2023-11-22,Data Analyst,Finance,"₹45,466",,601 Miller Stravenue Apt. 112,South Christine,MO,76651,2002-03-06,
1910,Kenneth,Jacobs,,2018-01-26,Manager,it,"30,242",,09642 Young Ramp Suite 514,West Jeremiahstad,MH,85444,1999-11-09,active
1911,Jeffrey,Pena,Jeffrey@company,2019-08-26,Data Engineer,Sales,$72677,,601 Elizabeth Mews,North Jamesbury,IL,70420,1988-11-16,
1912,Michael,BURNS,Michael@company,2016-03-27,Manager,Finance,$63804,,532 Johnson Manors Apt. 703,Markburgh,IL,75482,2005-05-01,Active
1913,Donna,Richard,,2024-07-03,Software Engineer,Analytics,,,000 Brian Corners,Jamesbury,HI,01415,1990-05-09,Active
1914,,LANG,Michael.LANGcompany.com,2019-05-15,Data Engineer,Analytics,"$89,026",,5865 Jennifer Field Suite 043,Gomezshire,HI,75837,1996-05-21,
1915,anthony,Taylor,anthony.Taylor@company.com,2022-06-17,Data Analyst,HR,"$114,278",,25902 Dean Port Apt. 831,South Teresa,MO,21668,1985-01-31,
1916,javier,,javier@company,2019-01-12,Data Engineer,Sales,"$49,516",2002,455 Richard Ramp Apt. 786,Maryland,GA,67249,1969-10-11,INACTIVE
1917,Deborah,DELEON,Deborah.DELEONcompany.com,2018-06-22,Manager,it,93101,2002,948 Dixon Station,North Crystalmouth,VA,23111,1991-12-22,active
1918,elizabeth,JAMES,,2018-09-25,Manager,marketing,$90727,2003,482 Vincent Square Suite 927,North Kylefort,PA,60858,1999-09-07,Active
1919,jessica,WILLIAMS,jessicaWILLIAMS@company.com,2017-02-27,Software Engineer,Finance,$89406,,5317 Jones Glen,East Eddieshire,MA,26095,1973-11-18,active
1920,Danny,Lopez,Danny.Lopez@company.com,2021-05-03,Software Engineer,IT,"₹28,283",,130 Johnson Circle,East Cindyview,ME,16217,1996-02-26,Active
1921,jennifer,Meyers,jennifer.Meyers@company.com,2017-08-23,Data Engineer,IT,,2003,203 Alicia Motorway Suite 564,Williamsstad,AZ,00620,1973-10-31,Active
1922,John,ROBERTS,John@company,2020-09-11,Data Engineer,Analytics,,,0684 Silva Parks Suite 807,West Taylorchester,KY,66166,1994-01-07,INACTIVE
1923,jennifer,Contreras,jennifer_Contreras@COMPANY.COM,2021-03-10,Data Analyst,Finance,"₹50,605",2003,1047 Webb Falls,Graymouth,VA,85146,1985-12-11,Active
1924,Jeffrey,LOPEZ,JeffreyLOPEZ@company.com,2024-03-07,Manager,HR,"118,705",,65503 Stacey Green,Joanntown,GA,42821,1979-10-10,Active
1925,Pamela,Richardson,Pamela_Richardson@COMPANY.COM,2026-01-21,Software Engineer,it,"102,892",2003,4633 Price Course Suite 805,West Stevenchester,VI,30097,1995-02-15,
1926,Veronica,Potter,VeronicaPotter@company.com,2017-04-05,Data Analyst,it,"₹72,504",,06295 Ortiz Burgs,South Lindseychester,KS,26743,1992-12-20,active
1927,Paul,Evans,,2019-02-09,Manager,Analytics,,,,West Jameschester,DE,38432,2006-06-01,
1928,Tina,Jones,,2025-08-13,Software Engineer,Analytics,"82,877",,366 Ian Fork Suite 575,East Julieberg,DE,22655,1998-03-18,Active
1929,Denise,Neal,Denise_Neal@COMPANY.COM,2020-06-13,Manager,HR,"117,835",2001,9293 Hannah Inlet Apt. 423,Lake Alyssaport,MS,08431,2006-08-19,
1930,Christopher,WU,ChristopherWU@company.com,2024-06-22,Data Engineer,HR,,2001,7564 Colleen Ways,Chaseland,NE,77935,1977-08-01,
1931,Margaret,WILLIAMS,MargaretWILLIAMS@company.com,2022-01-19,Data Analyst,it,"52,188",2003,533 Silva Spurs Apt. 676,New Paulmouth,WI,13919,1981-05-13,
1932,Blake,Sanchez,,2016-08-16,Software Engineer,IT,"₹22,993",,080 Richmond Road,South Jenniferchester,CA,36371,1979-06-23,
1933,dawn,Martinez,dawn.Martinezcompany.com,2022-08-17,Data Engineer,it,77898,2001,2539 Lauren Drive,East Michael,LA,26616,1998-05-14,Active
1934,Amber,Andrews,Amber.Andrews@company.com,2019-10-08,Data Analyst,Finance,90048,2003,312 Edwards Extension Suite 192,East Juliaton,NE,37791,1971-06-02,
1935,Paul,PENA,Paul@company,2023-11-16,Data Engineer,HR,"$33,952",2002,5012 Davis Burgs Suite 651,Kathyside,NY,47426,1979-03-03,Active
1936,Lauren,Clayton,Lauren_Clayton@COMPANY.COM,2022-07-28,Data Analyst,IT,"$69,022",2003,80520 Yang Orchard Suite 422,Brittanyberg,VI,06808,1986-08-18,Active
1937,Bradley,Flores,,2025-09-09,Manager,Finance,80704,,5379 Scott Corners Suite 220,Timothyshire,PR,64046,1991-07-17,INACTIVE
1938,robert,Richardson,robert.Richardsoncompany.com,2024-07-05,Software Engineer,Sales,"57,789",2001,443 David Cliff,West Jonathan,MT,91035,1983-11-25,Active
1939,Timothy,Ross,TimothyRoss@company.com,2026-03-04,Software Engineer,Finance,"84,571",2002,37566 Linda Knolls,West Nancy,NM,47829,1971-10-15,INACTIVE
1940,Christian,Wang,Christian.Wangcompany.com,2022-01-28,Data Engineer,Analytics,"23,997",,943 Smith Street Suite 265,North Brendanhaven,IN,56321,1972-10-28,Active
1941,Ashley,Harris,Ashley@company,2026-08-17,Data Analyst,Sales,$53706,,4172 Bell Divide,New Joshuaborough,TN,50057,1976-04-26,
1942,Darren,LANG,,2023-01-25,Software Engineer,marketing,,2003,063 Sherry Trail,North Jason,MO,29391,1996-03-01,
1943,veronica,Flores,,2020-11-16,Software Engineer,Analytics,$64453,2003,8138 Hayden Springs Suite 798,Cindymouth,NV,25662,1993-02-13,active
1944,Jason,Bell,,2020-05-08,Manager,marketing,"₹71,060",,0877 Alexander Circle Suite 125,Port Robintown,AL,29378,1985-08-13,INACTIVE
1945,karen,Burton,karen@company,2019-11-04,Manager,HR,"$37,306",2002,23170 Robinson Shore Apt. 231,Jacksontown,GU,11220,1984-03-30,
1946,David,Summers,DavidSummers@company.com,2018-12-15,Software Engineer,Analytics,"₹38,769",2001,86826 Jones Burgs,Lake Williamton,WV,50112,1988-10-09,active
1947,Robin,GOMEZ,Robin.GOMEZ@company.com,2016-11-02,Software Engineer,Finance,"$111,151",,5881 David Prairie,South Thomasfort,LA,12329,1979-09-19,
1948,matthew,JOHNSON,matthew.JOHNSON@company.com,2021-03-14,Software Engineer,IT,62302,2003,2916 Jacob Knolls,Randyport,MO,16837,1970-04-11,INACTIVE
1949,Mark,Knight,Mark_Knight@COMPANY.COM,2021-07-25,Data Engineer,Sales,"₹24,707",2003,5179 Nicholas Mission Apt. 036,New Hollyfort,TX,75406,1992-11-15,active
1950,Gina,Harvey,,2018-11-30,Data Engineer,Analytics,$115226,2003,5217 John Canyon,Mollyside,PA,86933,1972-10-20,
1951,Kathryn,Watson,Kathryn_Watson@COMPANY.COM,2024-01-15,Software Engineer,Sales,,2003,2398 Brittney Avenue Apt. 115,Meghanborough,AZ,00503,1969-04-16,INACTIVE
1952,james,Byrd,james@company,2018-12-29,Data Analyst,it,$109255,2001,090 Hickman Road Apt. 448,Freemanburgh,NE,53980,1968-06-25,active
1953,Kristin,Colon,KristinColon@company.com,2019-07-09,Data Analyst,Finance,"₹59,080",2003,16126 Miller Mill Apt. 742,New Sydney,NH,40140,1979-06-09,
1954,Howard,MEDINA,Howard_MEDINA@COMPANY.COM,2016-08-30,Software Engineer,IT,"$75,873",2003,3106 Nathaniel Wells Suite 278,North Jasonport,ND,37432,1995-05-05,active
1955,Judy,Mitchell,Judy_Mitchell@COMPANY.COM,2021-12-09,Manager,marketing,"$113,323",,8369 Duncan Orchard,Port Bonnie,MA,78788,1979-12-08,active
1956,Melanie,Jennings,,2021-06-06,Data Analyst,Analytics,,,64212 Ruiz Ramp Suite 775,Ambertown,VT,90184,1974-09-24,active
1957,Kirsten,Johnson,Kirsten@company,2016-01-29,Software Engineer,Sales,,,3625 Hill Passage,South Maryfort,OH,34046,1979-10-10,INACTIVE
1958,John,Martinez,JohnMartinez@company.com,2017-03-04,Software Engineer,marketing,$106707,2001,9592 Rachel Crest Apt. 316,Kaitlinfurt,NY,09025,1987-06-17,INACTIVE
1959,william,Molina,william.Molinacompany.com,2025-10-04,Software Engineer,marketing,$44812,2001,20490 Robert Road,Smithborough,LA,48786,1993-11-27,Active
1960,Eric,Ramos,,2017-04-04,Manager,marketing,,2003,3782 Nathaniel Flats Suite 210,Byrdfort,KY,71947,2007-05-23,Active
1961,Samantha,RIDDLE,Samantha_RIDDLE@COMPANY.COM,2019-08-29,Data Analyst,Sales,,2001,7904 Jessica Tunnel,Lake Sheenashire,HI,56342,1982-03-01,
1962,Clayton,Gallegos,Clayton@company,2021-08-14,Data Engineer,it,"97,323",2001,19494 Tricia Common Suite 712,Joshuashire,ID,79078,1981-07-01,
1963,Joshua,VASQUEZ,Joshua.VASQUEZcompany.com,2016-11-28,Manager,HR,"56,265",,863 Christopher Heights,South Stephanieport,NY,20418,1993-04-02,
1964,anthony,Malone,anthony.Malone@company.com,2020-12-13,Data Analyst,it,$55967,2002,,South Samanthafort,MD,80849,1993-12-18,active
1965,Edward,Martin,EdwardMartin@company.com,2017-11-23,Manager,IT,"₹61,603",2003,76672 Shelia Passage,Dixonton,MN,59418,2006-07-11,
1966,Connie,Hardy,Connie_Hardy@COMPANY.COM,2020-07-11,Manager,Sales,,2003,5112 Marquez Skyway,Port Andre,MO,57802,1978-03-24,active
1967,jeffery,Gray,jeffery.Graycompany.com,2016-11-11,Data Analyst,Finance,$86492,,4016 Pace Terrace Apt. 658,Sabrinastad,TN,70055,1976-08-15,active
1968,laura,Russell,laura@company,2016-08-18,Data Engineer,IT,"₹115,258",,15825 Hunt Knolls,Lake Julieside,MI,45721,1981-09-01,active
1969,Blake,Scott,Blake.Scottcompany.com,2025-03-13,Software Engineer,marketing,40003,2003,47792 Davis Overpass Suite 587,Troymouth,KS,88873,1975-12-30,
1970,Louis,Johnson,Louis.Johnsoncompany.com,2016-03-05,Data Engineer,HR,"82,582",2003,4935 Erik Grove Apt. 023,Charleschester,ME,11261,1972-03-14,
1971,Michael,Moore,Michael_Moore@COMPANY.COM,2018-03-11,Software Engineer,IT,93347,2003,463 Oconnor Burgs,Codyberg,CO,29937,1973-02-04,
1972,Brian,Clark,Brian_Clark@COMPANY.COM,2021-11-08,Software Engineer,it,50231,,0950 Lynch Field,New Darlenefurt,IA,94777,1975-06-15,
1973,Misty,Carlson,Misty_Carlson@COMPANY.COM,2024-04-20,Data Engineer,HR,$29665,2001,23525 Green Hills,Dixonchester,OK,71974,1967-11-29,INACTIVE
1974,Michael,LE,Michael@company,2019-11-17,Data Analyst,Finance,33576,,271 Garcia Garden Apt. 518,Johnathanmouth,PR,32243,2003-10-07,
1975,Rodney,Davis,Rodney@company,2017-04-07,Manager,marketing,"₹83,918",2001,5727 Heather Grove Suite 010,Yatesborough,AS,43438,2005-06-01,
1976,Natalie,Price,,2025-06-14,Manager,Sales,"76,832",2003,,East Mary,MN,83337,1976-02-11,active
1977,Lisa,Anderson,Lisa_Anderson@COMPANY.COM,2019-11-29,Data Analyst,Sales,103453,,9441 Amy Plaza,West Oscar,ME,16815,1993-10-17,
1978,Joseph,Lawrence,Joseph_Lawrence@COMPANY.COM,2016-06-22,Software Engineer,Analytics,"$70,720",,855 Erica Keys Suite 239,Marissamouth,IN,62735,1991-04-06,
1979,Lawrence,Sullivan,Lawrence.Sullivancompany.com,2025-08-02,Data Engineer,IT,"$118,615",,380 Regina Forges,Colefurt,NH,90525,1996-03-20,
1980,jonathan,White,jonathan.Whitecompany.com,2020-06-22,Data Analyst,Sales,$71225,2002,0190 Stephanie Summit Suite 635,North Davidton,MT,21727,1970-09-11,
1981,marc,,marc.Wilson@company.com,2021-02-25,Data Engineer,it,"$73,617",2003,6540 Leslie Rapid,New Michelleborough,NC,18248,1974-01-09,INACTIVE
1982,kimberly,Harvey,kimberly.Harvey@company.com,2021-12-10,Data Engineer,Sales,,,4938 Richard Ville Suite 998,East Grant,MN,26908,1972-12-24,
1983,Raven,Mcbride,Raven_Mcbride@COMPANY.COM,2021-05-15,Manager,Finance,117432,2001,9560 Deborah Station,Jennifertown,ND,45816,2002-06-09,Active
1984,William,SANCHEZ,William_SANCHEZ@COMPANY.COM,2019-05-07,Data Analyst,IT,"104,981",2003,,Joyceburgh,ID,38297,1981-12-31,INACTIVE
1985,james,Baker,james_Baker@COMPANY.COM,2022-01-15,Data Analyst,it,75617,2001,991 Alexander Cliffs,New Scott,NC,20108,1995-09-18,INACTIVE
1986,Billy,Campos,Billy.Camposcompany.com,2023-11-17,Data Engineer,HR,"₹55,962",,266 Michael Burgs,Landryfurt,NC,48252,1987-10-08,
1987,Billy,Harrington,Billy@company,2022-07-29,Software Engineer,marketing,"47,953",2002,65217 Stephanie Crossroad Apt. 707,Frankport,NJ,86679,1992-02-12,
1988,laura,Blevins,,2019-09-26,Data Engineer,HR,$24010,2001,171 Elizabeth Spur Suite 002,Goodmanfort,FL,40397,1977-12-19,
1989,karen,Jackson,karen.Jackson@company.com,2017-02-12,Software Engineer,marketing,,,591 Morales Shoal,Jamesstad,AL,03873,2005-02-06,INACTIVE
1990,Jessica,NAVARRO,,2027-05-02,Software Engineer,marketing,104252,,61232 Carla Gardens Suite 025,Roweborough,NV,84509,1982-11-12,active
1991,,Rodriguez,Samuel_Rodriguez@COMPANY.COM,2017-05-13,Manager,Finance,$71997,,74177 Martin Coves,Kingfurt,OH,70509,2004-07-17,INACTIVE
1992,Mary,Cole,Mary.Colecompany.com,2019-06-23,Manager,marketing,$29963,,64486 Mccormick Cove,Port Sylviafort,LA,24272,1966-04-26,INACTIVE
1993,Christopher,Santos,Christopher_Santos@COMPANY.COM,2018-04-12,Manager,it,"$24,559",,8254 Elizabeth Rest Apt. 616,Wendyland,MP,11852,1989-09-01,INACTIVE
1994,Amanda,Diaz,Amanda.Diazcompany.com,2021-05-14,Software Engineer,IT,"$118,950",,7161 Gonzalez Spur,Lake Stephanie,OH,59105,1987-01-18,INACTIVE
1995,Wanda,Houston,,2020-04-08,Manager,it,,,047 Gibbs Ramp,Joshuatown,KY,30589,1973-11-05,
1996,patricia,Skinner,patricia@company,2020-03-28,Software Engineer,it,63425,,4948 John Overpass Apt. 395,West Allenside,GU,37792,1980-03-17,Active
1997,Monica,Clarke,Monica.Clarkecompany.com,2024-03-20,Data Engineer,HR,"₹85,208",,76346 Buck Bypass,South Terryburgh,OH,35949,1993-05-06,
1998,linda,Lynn,linda_Lynn@COMPANY.COM,2019-06-10,Software Engineer,marketing,48535,2002,891 Chase Forks Suite 293,Sarahburgh,RI,79679,1978-03-30,active
1999,Randy,Hogan,,2022-08-01,Software Engineer,Finance,$55806,2003,27026 Stephanie Locks,Robynstad,VI,23039,1991-09-23,
2000,Abigail,Hernandez,Abigail.Hernandezcompany.com,2023-04-23,Software Engineer,Finance,97563,2003,5799 Frederick Fall,Ramirezburgh,UT,37173,1993-02-23,
2001,Kelly,Acosta,Kelly.Acostacompany.com,2024-06-23,Data Analyst,Sales,$95246,,995 Sandoval Brooks Apt. 334,Lambstad,MD,49248,1989-04-24,active
2002,Ashley,Yang,Ashley_Yang@COMPANY.COM,2017-09-04,Manager,it,71332,2002,67055 Ernest Forges Apt. 253,Leahbury,MT,69147,1999-04-12,
2003,justin,Haynes,justin.Haynescompany.com,2024-08-16,Data Analyst,Analytics,,,149 Christian Point Suite 613,South Carlaborough,FL,40976,2007-03-24,INACTIVE
2004,sarah,HUDSON,,2022-05-26,Data Analyst,HR,"₹21,882",2001,06050 Linda Island,East Cynthia,PR,12356,1978-10-18,INACTIVE
2005,Shannon,Garza,,2020-07-27,Software Engineer,Finance,"₹29,159",2003,38193 Harris Fords Suite 197,Lake Glenn,MS,31110,2002-08-02,active
2006,Bridget,Gilbert,Bridget.Gilbert@company.com,2020-05-18,Data Analyst,Sales,$110139,2002,7287 Mindy Ranch Apt. 794,North Donnafort,IA,88118,1973-10-21,Active
2007,Kim,Alexander,Kim.Alexandercompany.com,2016-11-03,Data Engineer,Analytics,"$42,865",2003,3802 Jones Island Apt. 282,Lake Kenneth,NY,93651,1997-12-01,Active
2008,tracey,FITZGERALD,tracey_FITZGERALD@COMPANY.COM,2022-12-13,Manager,it,"55,115",2001,33697 Blake Ranch Suite 044,Martinburgh,PR,54095,1986-03-24,
2009,jose,Peck,josePeck@company.com,2019-03-08,Software Engineer,Sales,86879,,10249 Stafford Course Apt. 346,Laneport,NY,80006,1970-10-23,
2010,Thomas,Jones,Thomas.Jones@company.com,2019-12-29,Data Engineer,Sales,$77119,,56753 Allison Cliff Suite 310,Stewartville,MD,45734,1996-10-07,Active
2011,carl,Martinez,carlMartinez@company.com,2019-08-17,Manager,Analytics,$46009,2002,29171 Bridges Burg Apt. 506,Francismouth,CA,12420,1988-03-16,
2012,Joseph,Allen,Joseph.Allen@company.com,2022-10-10,Software Engineer,Analytics,"98,670",2001,95514 Timothy Crest Suite 020,South Kathryn,LA,84403,1987-01-20,
2013,Antonio,ROBINSON,,2025-11-16,Data Engineer,Analytics,100031,,7398 Fletcher Points Suite 752,North Jessica,NE,03300,1993-01-31,
2014,Christian,Rios,ChristianRios@company.com,2018-07-10,Data Engineer,marketing,,2002,927 Drew Circle,South Seth,OR,07242,2002-11-04,active
2015,Christina,Weiss,Christina.Weisscompany.com,2016-05-02,Data Analyst,marketing,"$119,174",2003,55939 Rebecca Street,Wangfurt,MP,73848,1990-04-06,
2016,Martin,Bauer,,2016-06-23,Data Analyst,Analytics,"39,164",,915 Williams Wall Suite 893,North Donnaberg,OK,30714,1969-05-26,active
2017,sherri,ALLEN,sherri.ALLEN@company.com,2019-09-23,Manager,HR,$50990,2003,718 Heather Motorway Apt. 862,East Dustinhaven,NH,50640,1992-12-26,Active
2018,Martin,Howe,Martin.Howecompany.com,2020-02-06,Data Analyst,Analytics,,2002,6651 Anne Port,Amyside,RI,36709,1975-05-28,active
2019,Kyle,HERNANDEZ,,2022-01-03,Manager,it,"42,194",,629 Laura Inlet,Alexanderton,MS,74915,1967-11-21,INACTIVE
2020,Zachary,Garcia,Zachary_Garcia@COMPANY.COM,2019-05-19,Data Engineer,marketing,"37,441",2002,9663 William Vista Suite 019,North Williamstad,KS,45109,1980-07-23,active
2021,Jeremiah,Gibson,,2018-05-23,Software Engineer,marketing,"$118,473",,4461 Ernest Roads Suite 332,Hardyton,AK,72287,1970-12-26,
2022,Andrew,Parker,,2017-10-13,Data Engineer,marketing,"₹114,415",,84255 Kara Port,Katherineberg,WY,32305,1972-12-20,active
2023,John,Moore,John_Moore@COMPANY.COM,2016-11-30,Data Analyst,Analytics,,2002,254 Sharon Islands,Harrisbury,MA,45797,1967-12-27,
2024,Aaron,Reed,AaronReed@company.com,2024-11-16,Data Analyst,HR,,,294 Holloway Ranch Suite 267,Troybury,DC,37475,1972-06-23,Active
2025,Aaron,Nguyen,,2016-03-29,Data Analyst,Sales,79978,,642 Morgan Villages,Port Davidborough,IN,75699,1973-11-16,Active
2026,nicole,Collins,nicole.Collinscompany.com,2022-01-01,Software Engineer,Finance,"₹66,328",,481 Ralph View,North Kevinside,ME,52026,1998-01-10,INACTIVE
2027,Kevin,Ortega,,2019-07-16,Software Engineer,Analytics,"$112,472",2001,6359 Garcia Road,Justinland,NH,03440,1991-04-04,active
2028,Kara,LOPEZ,,2016-12-29,Data Engineer,marketing,"85,407",,1136 Cole Road,Lake Katrina,DC,89610,1975-06-19,INACTIVE
2029,Guy,Hall,Guy_Hall@COMPANY.COM,2017-06-02,Software Engineer,Sales,"28,654",,83020 Taylor Drive,Terryborough,SC,22242,1987-10-29,
2030,Jennifer,Meyers,Jennifer_Meyers@COMPANY.COM,2016-11-17,Data Analyst,it,108980,,33761 Smith Village Suite 806,West Elizabethport,OK,23782,1992-10-22,
2031,roberta,HENRY,robertaHENRY@company.com,2020-07-12,Data Analyst,it,111017,2002,9544 Frazier Trail,Whitemouth,DC,64959,1977-06-06,INACTIVE
2032,James,Graham,JamesGraham@company.com,2020-11-14,Software Engineer,Analytics,,2003,,Port Christinefort,TX,62322,2001-03-31,INACTIVE
2033,andrew,Brown,andrewBrown@company.com,2026-06-06,Data Analyst,Sales,"₹36,019",,936 Jennifer Run,East Tiffanymouth,TX,90456,2000-11-19,Active
2034,Carrie,Tyler,CarrieTyler@company.com,2017-02-13,Data Engineer,Sales,$45191,,82870 Jeffrey Track,Lake Saraburgh,DC,05454,1984-12-01,
2035,shannon,Barnes,shannon@company,2018-05-05,Manager,it,108881,,225 Campbell Club,Dodsonbury,MI,06177,1966-03-29,active
2036,,Mann,SamuelMann@company.com,2016-09-23,Data Analyst,marketing,$37032,,,New Alexis,FM,39719,2005-11-20,Active
2037,John,Arnold,John.Arnold@company.com,2024-06-14,Data Engineer,Analytics,22293,2003,472 Barrett Crescent Apt. 467,West Karen,NC,69023,1991-05-29,
2038,Brittany,Hunt,Brittany.Hunt@company.com,2016-05-28,Manager,Analytics,"₹107,640",2002,50076 Hicks Vista Apt. 591,Port Jessica,OH,58042,1985-12-24,
2039,Justin,Miller,Justin.Miller@company.com,2024-01-28,Manager,it,29704,2002,16438 Scott Creek,Jeffreyburgh,ID,92774,1974-04-09,active
2040,Juan,Roberts,,2027-05-30,Software Engineer,Sales,"106,701",2002,1043 Cox Manor Suite 775,Michaelshire,MN,33573,1983-11-27,
2041,Lisa,Hall,,2018-02-14,Manager,IT,$25349,2003,72365 Clark Parkways Apt. 917,Jenniferland,AS,17522,2002-02-19,
2042,James,Johnson,James_Johnson@COMPANY.COM,2019-02-23,Data Engineer,Sales,$88684,,58917 Ruben Islands,Lake Erikaville,IL,40434,1979-12-04,
2043,Noah,Torres,,2016-12-24,Manager,Analytics,"₹85,144",2003,2087 Flynn Center,West Saraside,HI,10178,2006-03-20,
2044,Evan,Contreras,Evan@company,2026-01-09,Data Analyst,it,91248,2001,02532 Susan Lodge,Stevensshire,MH,05562,1990-10-10,INACTIVE
2045,alexandra,Clayton,alexandra@company,2020-05-03,Manager,HR,27965,2003,859 Ramos Field,East Davidbury,HI,84782,1999-04-08,active
2046,Ariana,Jenkins,ArianaJenkins@company.com,2025-08-01,Data Analyst,marketing,"₹58,476",,84019 Kathleen Squares Suite 483,Jamesville,PW,72692,1980-08-30,Active
2047,sherry,Hernandez,sherry.Hernandez@company.com,2020-11-20,Data Analyst,Finance,80851,,29773 Heather Shores Apt. 196,Port Joseph,AS,91025,1968-03-23,INACTIVE
2048,Brandy,GAMBLE,Brandy.GAMBLE@company.com,2019-09-10,Manager,IT,74911,2003,28079 Jennifer Bypass Suite 941,Christianbury,MP,59120,2002-01-21,
2049,Tara,Trujillo,,2022-08-09,Manager,it,"₹41,099",,28560 Michael Motorway,Port Walterside,OR,15515,1993-12-01,
2050,Jacqueline,Wong,JacquelineWong@company.com,2024-11-12,Manager,Finance,111431,2002,62165 Patricia Forge Apt. 447,Harrisland,NE,42050,1990-12-28,INACTIVE
2051,john,Mcgee,john@company,2022-08-20,Manager,Sales,"$104,276",,,Hannahton,TX,78078,2006-12-12,
2052,Tabitha,Walton,TabithaWalton@company.com,2022-05-26,Data Analyst,Sales,22025,2002,404 Kevin Causeway Suite 544,Lake Patrickland,AZ,38915,1990-04-21,
2053,Joanne,Sanchez,,2019-10-15,Data Analyst,Analytics,"₹101,238",,9306 Joann Prairie Suite 056,New Brandon,AL,13913,1985-10-26,active
2054,Jeffrey,Peterson,Jeffrey.Peterson@company.com,2017-02-04,Manager,HR,37103,,848 Turner Passage Suite 319,Craigport,NC,73619,1972-12-14,INACTIVE
2055,Kathryn,RIVERA,Kathryn.RIVERAcompany.com,2019-10-15,Data Analyst,Sales,"$23,203",2002,21644 Atkins Turnpike Suite 078,New Claire,OK,05906,1997-09-10,INACTIVE
2056,Christine,Hernandez,Christine.Hernandez@company.com,2018-08-09,Data Engineer,IT,33497,,295 Hall Ridges,Carterland,MS,62398,1977-07-22,Active
2057,Elizabeth,Garcia,Elizabeth.Garciacompany.com,2016-06-21,Data Engineer,Analytics,"$89,627",2001,75148 Spencer Heights Apt. 552,North Marilyn,UT,20764,1972-10-21,
2058,Michael,Garrett,Michael_Garrett@COMPANY.COM,2025-05-10,Manager,HR,"79,204",,10812 Harris Ports Apt. 892,South Markmouth,SC,88130,1976-06-14,INACTIVE
2059,justin,Weaver,justin.Weavercompany.com,2024-05-20,Manager,marketing,$118101,,1982 Garrett Streets,Jasonchester,MH,88594,1975-02-08,
2060,Scott,Juarez,Scott.Juarez@company.com,2025-02-10,Data Analyst,it,"₹81,920",2002,233 Joy Avenue Apt. 320,Ryanfurt,AK,49559,1998-12-15,active
2061,nathan,Mcneil,nathan_Mcneil@COMPANY.COM,2017-10-19,Software Engineer,Analytics,"$76,368",,983 Shelia Avenue Apt. 568,Port Davidhaven,AR,92363,2004-05-19,INACTIVE
2062,Michele,House,Michele@company,2026-04-08,Data Engineer,it,"114,305",2003,81007 Lopez Greens Apt. 986,West Jennifertown,NV,84931,1987-05-31,active
2063,christopher,Green,christopher.Greencompany.com,2018-01-27,Data Engineer,Finance,$30841,,12378 Jennifer Streets Suite 057,Andrewhaven,AZ,53334,1999-01-13,
2064,Kathleen,Griffin,Kathleen.Griffincompany.com,2017-01-10,Manager,Finance,,,5345 Jason Extension,Bellfurt,MA,78189,1976-07-24,Active
2065,Miguel,Shelton,,2017-03-21,Manager,IT,70046,,303 Cummings Mountain,Evansview,SD,15322,1980-02-08,
2066,alisha,HARVEY,alisha@company,2017-08-14,Data Analyst,marketing,,,562 Barry Landing Suite 784,Calhounborough,DC,56018,1974-10-08,Active
2067,samantha,Frank,samantha.Frankcompany.com,2025-08-22,Manager,it,"99,173",,1668 Lisa Overpass Apt. 000,North Cynthia,NC,74028,1995-09-03,INACTIVE
2068,Abigail,,,2027-06-09,Software Engineer,marketing,,2001,5185 Gay Hollow Suite 024,Deannamouth,NV,85799,1978-12-20,INACTIVE
2069,Nathan,Chen,Nathan.Chencompany.com,2022-08-29,Software Engineer,marketing,$62439,,87923 Mandy Centers,Keithside,OK,06907,1973-02-21,Active
2070,Brooke,GONZALEZ,BrookeGONZALEZ@company.com,2021-07-14,Manager,HR,,2001,729 Arellano Manor,Jesusfort,KY,88935,1993-01-12,
2071,Jennifer,Clark,,2024-09-11,Data Analyst,Finance,"23,104",2002,,Royside,UT,33167,2004-06-16,Active
2072,Douglas,Eaton,Douglas@company,2017-04-23,Software Engineer,Finance,"₹68,989",2001,47689 Russell Mountain Apt. 059,Edgarfort,PW,22167,1975-07-23,
2073,Jonathan,Martinez,Jonathan@company,2022-02-14,Software Engineer,IT,"$34,631",2001,66696 Eric Shores Suite 067,Delacruzland,NM,16482,1991-01-23,
2074,Victoria,Waters,Victoria@company,2019-08-22,Data Engineer,marketing,111074,,3084 Anderson Fords,East Sheila,OK,17915,1968-09-23,active
2075,Jennifer,Bates,,2024-01-17,Manager,Sales,"61,722",,82251 David Path,Mckinneybury,FM,98233,1979-01-04,
2076,Lisa,DEAN,LisaDEAN@company.com,2020-11-07,Manager,HR,88819,2003,,Jonborough,MA,84733,1976-08-27,active
2077,Amanda,VELASQUEZ,,2020-01-30,Software Engineer,Analytics,,,483 Robertson Walk Apt. 906,Pamelachester,UT,82351,1984-08-16,Active
2078,Raymond,Bennett,Raymond@company,2016-02-14,Manager,marketing,"$42,087",2001,7439 Michael Camp,West Rachel,WV,30067,1966-08-05,active
2079,John,Wiley,John@company,2023-05-10,Data Engineer,Analytics,"94,421",2002,7465 Hamilton Rest Suite 073,Derekborough,AS,11091,2001-01-08,active
2080,Elizabeth,GOLDEN,Elizabeth@company,2016-03-26,Data Analyst,Sales,49914,2003,46026 Frederick Hollow Apt. 395,Davidview,AK,00866,1972-12-12,
2081,Bryan,LAMBERT,Bryan.LAMBERTcompany.com,2026-06-06,Software Engineer,Analytics,42960,,5484 Martin Roads Suite 634,Galvanfort,AK,78617,1982-09-02,
2082,Mike,Callahan,Mike_Callahan@COMPANY.COM,2021-03-17,Manager,IT,"93,106",2001,90809 Susan Coves Suite 128,Port Ianburgh,TX,30262,2001-11-23,Active
2083,Kevin,,Kevin@company,2016-10-21,Manager,HR,"$33,481",2003,41658 Edward Locks,Waynehaven,MS,77501,1983-12-12,Active
2084,,Valdez,Rachael_Valdez@COMPANY.COM,2018-05-17,Software Engineer,marketing,$109043,2003,30677 Lori Park,Isaiahside,NY,06884,1996-07-24,
2085,Vanessa,Berry,,2016-09-25,Data Engineer,Analytics,,,4558 Cantrell Plaza,East Joe,AK,49538,1999-11-22,active
2086,Stephanie,BANKS,,2023-02-14,Software Engineer,HR,"118,641",,730 Tyler Forges Suite 319,Lake Heathermouth,NV,56400,1995-02-26,INACTIVE
2087,Catherine,PENA,Catherine@company,2023-09-10,Data Analyst,Finance,96150,2003,3559 Kelly Row,New Jennifer,TX,58152,1990-05-05,
2088,scott,Wright,,2026-06-22,Data Analyst,Sales,"$98,204",2001,51139 Shannon Summit,Lake Sandra,NM,51694,1967-08-06,active
2089,Jeffrey,Kline,Jeffrey_Kline@COMPANY.COM,2020-05-10,Data Engineer,Sales,"$37,415",2001,47820 Davis Springs Apt. 591,North David,CO,54075,1976-11-16,INACTIVE
2090,Warren,Smith,Warren.Smithcompany.com,2016-03-28,Manager,Sales,"32,424",2003,57267 Gary View Apt. 546,Kimtown,GU,02528,1983-05-18,Active
2091,Raymond,Cain,,2026-10-04,Software Engineer,Analytics,"$37,128",,733 Desiree Lane Suite 085,Christinamouth,OR,41811,1972-07-13,
2092,Gerald,Allen,Gerald.Allencompany.com,2020-01-28,Data Analyst,Analytics,61517,2002,938 Stuart Turnpike,Graveston,NC,92197,2003-04-23,INACTIVE
2093,Erica,Lee,EricaLee@company.com,2022-10-08,Software Engineer,Sales,$97808,,754 Toni Valley,Vasquezside,ND,56787,2001-07-19,Active
2094,Matthew,SELLERS,,2023-05-14,Manager,Analytics,"42,515",,17819 Jennings Passage,West Lindafurt,PA,30712,1985-02-17,INACTIVE
2095,John,Obrien,JohnObrien@company.com,2018-02-10,Software Engineer,Sales,,2003,57531 Zachary Meadows,Desireemouth,MA,75084,2007-07-30,INACTIVE
2096,william,VILLARREAL,,2020-02-04,Manager,it,"₹97,634",2003,80153 Martin Point Suite 129,Hunterfort,UT,41436,2000-01-05,
2097,Justin,WILLIAMS,Justin.WILLIAMS@company.com,2021-02-27,Data Analyst,Sales,"₹25,688",2003,,New Nicholas,ME,33754,1986-04-05,Active
2098,Eric,Aguilar,,2026-04-23,Data Analyst,it,"₹102,221",,4948 Valerie Wall,Sextontown,DC,20716,2005-01-22,
2099,Shelia,Williams,,2024-05-30,Data Engineer,IT,,2001,21811 Thomas Fork Apt. 917,Lake Gregory,HI,73422,1977-01-06,Active
2100,michelle,Edwards,michelle_Edwards@COMPANY.COM,2018-08-25,Data Analyst,Analytics,$109718,,336 Michael Parkways Suite 468,Rodgerston,MS,35883,2005-03-09,
2101,Christopher,MILLER,Christopher_MILLER@COMPANY.COM,2019-10-06,Data Analyst,HR,,,0377 Wong Expressway Apt. 374,Jenniferbury,SD,55066,1991-07-26,active
2102,Karina,Henson,Karina.Henson@company.com,2022-03-27,Data Engineer,marketing,"73,192",2001,918 Reyes Mountains Suite 509,Julieport,VA,87025,1992-02-12,Active
2103,Brian,LONG,,2022-04-03,Software Engineer,IT,"$74,968",,4333 Andrade Plain,Suzanneville,MS,34488,1969-04-19,Active
2104,Savannah,Johnson,Savannah.Johnson@company.com,2024-10-05,Software Engineer,marketing,"₹96,189",2003,6811 Mills Cove,Olsenborough,MS,01447,1991-05-07,Active
2105,Michelle,Edwards,,2021-05-16,Manager,it,$59613,,76090 Barbara Fork Apt. 494,New Jasonfurt,WY,65901,1997-12-06,
2106,Stephen,Phelps,Stephen.Phelpscompany.com,2025-04-02,Manager,marketing,"₹54,726",,8600 Reid Burg Apt. 421,Port Megan,LA,53658,1979-10-27,active
2107,Christopher,Clark,,2020-01-15,Manager,Analytics,"$62,447",,645 Andrews Manor Apt. 849,West Jonathanbury,MN,00584,1991-02-21,Active
2108,natalie,Perry,,2017-04-07,Software Engineer,it,$33851,2002,426 Michael Crescent,New Veronicahaven,CA,58966,1997-03-03,INACTIVE
2109,Christopher,CHRISTIAN,Christopher@company,2021-11-30,Data Engineer,IT,"₹110,244",2003,5803 Moore Islands Apt. 436,Kaylaville,PR,07368,2000-04-24,
2110,Christine,Hart,Christine.Hartcompany.com,2025-04-27,Data Analyst,IT,65539,,55751 Butler Centers Apt. 021,New Christopher,LA,54458,1978-01-09,Active
2111,shannon,Henry,shannonHenry@company.com,2022-09-21,Data Engineer,Sales,"$50,856",,71489 Mcknight Junction Apt. 202,Lake Jacobburgh,LA,80409,1969-02-28,active
2112,Luke,Cooper,,2025-07-30,Manager,Finance,"115,023",,135 Diaz Ville Apt. 719,Esteston,AS,06362,2006-10-12,Active
2113,Kevin,Huynh,Kevin_Huynh@COMPANY.COM,2018-10-17,Software Engineer,Analytics,"$96,136",2002,175 Fernando Divide,Davidtown,OH,48209,1978-12-05,active
2114,Kimberly,FISHER,Kimberly.FISHERcompany.com,2021-12-28,Manager,Finance,"$114,891",2002,50993 Kyle Locks,East Kennethton,DC,50692,1970-05-28,INACTIVE
2115,Tanner,GRIFFIN,Tanner@company,2023-08-01,Manager,marketing,"82,508",,41845 Cole Cliff Apt. 715,North Emily,VT,88742,1981-03-31,
2116,Rodney,Cooper,RodneyCooper@company.com,2018-11-02,Software Engineer,Finance,$108293,,8231 Donna Bridge,Bowmanmouth,KS,88345,1968-02-05,
2117,Kevin,Mcneil,KevinMcneil@company.com,2018-09-01,Software Engineer,Analytics,"₹70,627",2002,6492 Jose Skyway,Darleneview,MI,02037,1973-08-21,active
2118,Nathaniel,Chang,Nathaniel_Chang@COMPANY.COM,2024-07-27,Software Engineer,HR,"$26,306",2003,312 Timothy Cape Apt. 578,East Barbarastad,NH,31293,1984-01-16,
2119,james,Bird,,2019-03-01,Data Analyst,marketing,,2003,6801 Mackenzie Ramp Suite 934,Cameronport,PW,14574,1980-04-18,INACTIVE
2120,Megan,Smith,MeganSmith@company.com,2024-09-16,Software Engineer,HR,58052,2001,49726 Singleton Pine Suite 549,North Davidport,WA,01181,1988-07-02,INACTIVE
2121,Christopher,Lawson,Christopher.Lawsoncompany.com,2025-05-30,Manager,HR,"$67,159",2001,74786 Payne Island Suite 876,East Michelle,TN,86567,1978-03-14,active
2122,Vanessa,Green,VanessaGreen@company.com,2024-08-15,Software Engineer,marketing,,,002 Wells Burgs Apt. 893,Lake Jessicaside,AR,99092,1967-02-04,active
2123,Carmen,WILKINS,,2016-02-16,Data Engineer,it,"₹42,074",,79752 Mullen Meadows,West Emily,IL,52882,1971-12-23,Active
2124,Paula,GRANT,Paula.GRANTcompany.com,2021-09-24,Software Engineer,IT,"$86,712",,67584 Michael Glen Apt. 333,North Christianchester,MH,68567,1978-05-23,Active
2125,adam,Cherry,adamCherry@company.com,2017-08-12,Manager,HR,"₹29,518",2003,21338 Adkins Fields Apt. 447,Mendeztown,NC,98231,1997-01-19,
2126,Kenneth,Bauer,Kenneth_Bauer@COMPANY.COM,2025-07-17,Data Analyst,it,$24688,2001,862 Troy Via,New Williamville,LA,98696,2006-01-13,
2127,alexandria,Cuevas,alexandria.Cuevascompany.com,2022-05-01,Data Analyst,Analytics,60252,2002,778 Casey Common,Lisashire,NM,34543,1988-04-20,
2128,Amanda,Brown,Amanda_Brown@COMPANY.COM,2016-04-16,Manager,Finance,$61006,2001,5820 Lauren Rest,Coreyfurt,VA,80300,1977-01-29,
2129,Kyle,GARCIA,KyleGARCIA@company.com,2021-01-20,Software Engineer,Finance,"57,786",2002,5221 King Islands,Deniseberg,NM,14078,1986-01-04,
2130,Katherine,Carter,Katherine.Cartercompany.com,2019-06-17,Data Engineer,marketing,,,2409 Bishop Trail Apt. 594,Port Robertstad,NV,87093,1992-06-30,INACTIVE
2131,Jennifer,Grant,,2019-06-24,Data Analyst,Finance,"₹75,521",,525 Porter Ramp Suite 376,Harrisborough,VT,19228,1971-06-24,
2132,Kristina,VILLARREAL,,2025-06-11,Software Engineer,Sales,$68802,,223 Gary Spring,Justinborough,NM,64710,1997-12-06,
2133,Albert,Mcbride,Albert@company,2022-06-21,Data Analyst,IT,,,969 West Mission,Millerland,MI,90587,1983-01-26,Active
2134,tina,Sullivan,tinaSullivan@company.com,2025-03-17,Manager,HR,$77211,,296 Henry Isle Suite 291,Lake Christineville,NH,01079,1967-01-20,active
2135,cindy,Reese,,2018-03-23,Data Engineer,Sales,$54163,2001,8517 Christian Radial,Goodwinfort,MS,02892,1981-03-18,INACTIVE
2136,Raymond,Oconnor,,2018-11-10,Data Engineer,Finance,$99033,,14545 Marc Forest Apt. 073,West Kimberlyhaven,PR,41256,1983-10-10,
2137,Amanda,,Amanda@company,2016-05-27,Manager,IT,"40,065",,6270 Gregory Roads Apt. 966,East Jeffrey,NV,02080,1966-07-27,
2138,Lori,Crosby,LoriCrosby@company.com,2021-07-15,Data Engineer,HR,,2002,08878 Summers Circle,Leahberg,IA,04248,1979-01-07,INACTIVE
2139,Jacob,RUSSO,Jacob@company,2016-11-22,Software Engineer,HR,$45089,2001,43110 Ernest Way,South Tarashire,PR,18424,1990-01-04,Active
2140,Mark,THOMAS,Mark@company,2024-05-11,Manager,IT,$34270,,854 Samantha Coves Apt. 310,North Katherinetown,UT,88330,2007-10-13,INACTIVE
2141,Paul,Parker,,2024-01-08,Data Analyst,HR,109060,,5986 Jeffrey Square,Jeremychester,AL,80995,1981-09-23,active
2142,Johnathan,Turner,,2017-05-27,Data Analyst,Sales,"₹58,974",2001,55577 Velasquez Station,Clarketown,KY,25916,1966-09-01,INACTIVE
2143,Jacob,Ali,Jacob_Ali@COMPANY.COM,2021-07-11,Data Analyst,Sales,,2001,619 Smith View Suite 758,Obrienside,AR,56621,1978-12-29,active
2144,Kyle,Wu,,2025-03-14,Data Engineer,Sales,68368,,838 Kim Rapids Apt. 488,North Regina,VA,62535,1977-06-22,
2145,Mary,Mccall,Mary.Mccallcompany.com,2020-11-20,Software Engineer,Analytics,"$76,855",2003,70512 Bobby Alley,Hayesfort,PW,53172,1990-05-29,
2146,Jessica,Flores,Jessica_Flores@COMPANY.COM,2020-10-14,Manager,HR,68788,,15394 Hernandez Neck Suite 805,East Jay,MN,27724,1987-06-16,Active
2147,Kimberly,PATRICK,Kimberly.PATRICKcompany.com,2021-07-08,Data Analyst,HR,"$68,710",2003,220 Sabrina Station,Jamestown,NM,04071,1971-01-06,Active
2148,Jennifer,Edwards,,2024-01-08,Manager,Sales,"$26,665",2002,710 Hendrix Square,Kimfurt,MO,24615,1982-09-12,active
2149,Autumn,Aguilar,Autumn.Aguilarcompany.com,2016-09-21,Data Engineer,marketing,"₹57,673",2003,994 Jennifer Inlet Apt. 155,West Stephanie,GA,02471,2004-03-02,
2150,julia,Rogers,,2022-02-05,Software Engineer,HR,,,,Morrisfurt,NM,76480,1979-05-02,
2151,Debbie,Cruz,Debbie.Cruz@company.com,2021-01-30,Manager,Finance,$101092,2002,6415 Gonzalez Fields Suite 972,Brianville,OH,70503,1977-07-05,active
2152,Kristin,Johnson,Kristin@company,2023-05-07,Manager,Analytics,61609,,2772 Jenna Highway Apt. 525,North Kristinaberg,ME,32669,1968-11-28,
2153,Michael,Dawson,Michael.Dawsoncompany.com,2021-12-09,Software Engineer,HR,44767,,31800 Walton Gateway,Kimstad,ME,19913,1998-11-21,
2154,Jill,Davenport,Jill.Davenportcompany.com,2024-12-31,Software Engineer,Sales,$32660,2003,4043 Gonzalez Crescent Apt. 350,Bradleybury,NH,85925,1971-10-07,active
2155,aaron,Fields,aaron.Fieldscompany.com,2026-04-29,Manager,it,,2002,9626 Nash Shoal Apt. 373,South Kristenville,VI,28980,2002-03-02,
2156,Samantha,SIMMONS,Samantha.SIMMONScompany.com,2016-07-28,Software Engineer,HR,$77830,2001,387 Mary Island,Port Tanya,DC,89649,1997-01-29,INACTIVE
2157,Maria,SCOTT,MariaSCOTT@company.com,2017-09-21,Software Engineer,Analytics,60959,2001,27342 Audrey Coves,Port Alexandermouth,VA,23217,1977-09-26,Active
2158,Charles,Diaz,Charles.Diaz@company.com,2018-06-30,Data Analyst,Sales,96211,,486 Kenneth Springs Suite 316,New Robertberg,CA,65746,1983-08-23,active
2159,Mark,Holmes,Mark.Holmescompany.com,2017-11-24,Software Engineer,Finance,"$111,600",,52105 Hart Branch,Shieldston,NC,47202,1969-09-12,
2160,rebecca,Bailey,rebeccaBailey@company.com,2027-04-01,Manager,Sales,$115212,2001,34830 Edwards Mountains,East Katie,RI,61242,2003-04-08,
2161,Julie,Fowler,Julie@company,2017-05-26,Data Engineer,Sales,"₹57,427",2003,5713 Powell Passage,Laurenport,VT,89131,1972-03-19,active
2162,James,BENTLEY,James@company,2027-04-12,Data Analyst,IT,"$20,474",,059 Mitchell Road Apt. 001,Jacksontown,AR,58963,2004-05-15,Active
2163,Cynthia,Rodriguez,,2018-03-06,Data Analyst,IT,"₹39,233",2002,6898 Teresa Islands Apt. 430,East Danielstad,PW,36716,1998-03-12,
2164,Christopher,Trujillo,Christopher.Trujillocompany.com,2023-11-24,Software Engineer,IT,"$44,441",2001,785 Miller Expressway Suite 492,Barrside,MN,55314,2007-06-07,INACTIVE
2165,Sarah,Wang,Sarah.Wangcompany.com,2017-09-09,Data Analyst,Finance,"₹111,320",2002,582 Brandi Unions Suite 099,South Darrellberg,KS,84696,1980-07-22,INACTIVE
2166,Darius,Griffin,,2017-05-16,Software Engineer,Sales,$62391,2001,931 Cody Parkway,Andrewburgh,IL,12837,1973-10-10,
2167,Barbara,SMITH,Barbara.SMITHcompany.com,2017-12-26,Manager,marketing,$66564,,203 Allen Inlet,South Debraside,FM,87212,1974-12-08,Active
2168,Timothy,Lester,Timothy.Lester@company.com,2018-06-16,Data Analyst,Sales,,,8174 Brett Harbor Suite 228,Lake Heather,AL,37035,1975-05-17,active
2169,Rhonda,VALENCIA,RhondaVALENCIA@company.com,2017-12-16,Data Analyst,Sales,$119944,2002,7523 Payne Vista,Laurieshire,ND,59809,1968-08-22,
2170,Michael,Reynolds,Michael.Reynolds@company.com,2025-02-19,Data Analyst,it,$106748,2003,716 Charles Squares Apt. 883,Rossbury,WI,64509,1993-03-17,
2171,Jeffrey,Rios,Jeffrey.Rioscompany.com,2021-06-27,Data Engineer,IT,"₹46,369",,4215 Jefferson Valley Apt. 556,Washingtonville,WI,08397,2003-03-11,Active
2172,Russell,PATTON,,2026-09-30,Software Engineer,Sales,"₹91,391",,7712 Wilson Lake,Annaton,MD,83632,1986-04-10,active
2173,David,Hamilton,David@company,2023-07-21,Data Engineer,Analytics,$76380,,18500 Gregory Lodge Apt. 929,South Morgan,WI,64851,1966-06-30,active
2174,Jessica,JACKSON,Jessica.JACKSON@company.com,2020-03-25,Manager,Analytics,109240,2002,6882 Tyler Row,Singletonbury,GU,60761,1992-11-12,active
2175,donald,MORALES,donald_MORALES@COMPANY.COM,2022-03-30,Manager,HR,"70,324",,151 Carpenter Forges Suite 981,New Christina,MT,24031,1975-08-25,INACTIVE
2176,Kaitlyn,PHILLIPS,Kaitlyn_PHILLIPS@COMPANY.COM,2018-03-03,Data Analyst,it,,2001,708 Baxter Isle,South William,VI,95526,1977-12-26,
2177,Cassandra,Martin,CassandraMartin@company.com,2016-11-14,Software Engineer,marketing,"₹91,123",2001,152 Leah Road Suite 078,North Tracyburgh,GU,69036,1992-03-23,
2178,April,Duffy,AprilDuffy@company.com,2024-02-07,Data Analyst,Finance,,2001,3137 Ray Avenue,New Monicaberg,IN,25183,2001-11-03,active
2179,Tony,Duke,Tony.Dukecompany.com,2025-04-29,Data Engineer,HR,"$66,590",2002,21847 Suarez Manor Apt. 351,Lake Dorisport,RI,72548,1979-09-06,Active
2180,Nicholas,Gomez,NicholasGomez@company.com,2019-03-09,Data Analyst,HR,"₹52,119",2001,62045 Megan Pass,Allenview,PR,58826,2003-10-31,Active
2181,Stanley,WATERS,Stanley.WATERS@company.com,2024-02-19,Software Engineer,Finance,42273,,971 Clark Branch Suite 079,Michelleberg,FL,81133,1984-03-23,INACTIVE
2182,Belinda,CHEN,Belinda_CHEN@COMPANY.COM,2024-10-13,Data Engineer,it,20382,2002,8242 Vargas Mews Suite 620,Johnsonborough,GA,50545,1978-03-08,
2183,michael,Gentry,michael.Gentry@company.com,2020-12-15,Data Analyst,it,60333,2002,065 Cooper Knoll Apt. 342,Schneiderchester,NM,86812,1989-06-16,
2184,john,Porter,,2017-07-20,Manager,Finance,$118026,2003,44779 Goodwin Street,Lake Laura,FM,40372,2005-04-22,
2185,Amy,Warren,,2016-12-14,Manager,it,"72,017",2002,0399 Patrick Mission Suite 597,Gordonchester,AK,25585,1974-07-14,INACTIVE
2186,Kurt,Smith,KurtSmith@company.com,2020-01-25,Data Engineer,Sales,"86,504",,1103 Armstrong Isle,Draketown,AR,15692,2003-01-26,Active
2187,Jessica,BARTLETT,,2024-03-02,Software Engineer,Finance,"77,616",2001,677 Walters Courts Apt. 007,South Tammyton,VA,84403,1974-09-17,
2188,Lisa,Wilson,Lisa_Wilson@COMPANY.COM,2021-09-08,Manager,Finance,"$46,589",2002,61342 Jose Center,South Bradley,MN,78904,1970-11-12,Active
2189,Kerri,HUGHES,Kerri.HUGHES@company.com,2016-09-28,Software Engineer,marketing,"51,088",2001,33899 Rebecca Drives Suite 470,New Ryanbury,WI,62903,1991-10-04,Active
2190,Christian,Hansen,,2023-11-16,Manager,marketing,,2001,76745 Samantha Garden Suite 467,South Amber,PA,26429,1969-09-04,active
2191,Jeffrey,Morris,Jeffrey.Morris@company.com,2024-10-31,Data Analyst,Analytics,"₹107,382",,9296 Nathan Hill Apt. 981,South Stacy,MA,86506,1997-01-16,active
2192,Tina,Hoffman,Tina@company,2025-03-13,Manager,it,"$114,953",,10517 Clay Ports,South Tabithaburgh,AR,88114,1968-06-28,active
2193,kenneth,Wade,,2021-06-28,Manager,IT,$104347,2001,64701 Hull Drive Suite 214,Bellton,AR,09284,1971-02-11,Active
2194,Donna,Mitchell,DonnaMitchell@company.com,2018-09-11,Data Engineer,Finance,"$99,525",,,West Aprilport,NM,37489,1978-06-28,active
2195,Justin,BURTON,Justin@company,2025-02-17,Manager,it,"₹36,180",,88015 Hall Brook,New Samantha,KY,76311,2007-09-04,
2196,carrie,PETERSON,carrie@company,2026-09-15,Data Engineer,it,"39,013",,768 Travis Rue,Leonview,ID,03069,1990-07-04,active
2197,chelsea,Richardson,,2022-12-30,Software Engineer,Sales,52216,2002,42602 Bauer Road,Sherrybury,VI,37035,1974-03-13,INACTIVE
2198,Erica,HUDSON,,2024-09-07,Data Engineer,IT,,,,Lake Jennabury,RI,96467,1984-05-07,Active
2199,Kimberly,Payne,Kimberly@company,2024-04-02,Data Engineer,IT,"109,966",,33889 Barajas Centers,Port Destinyberg,AL,83637,1975-12-19,Active
2178,April,Duffy,AprilDuffy@company.com,2024-02-07,Data Analyst,Finance,,2001,3137 Ray Avenue,New Monicaberg,IN,25183,2001-11-03,active
1865,jacqueline,Sullivan,jacqueline_Sullivan@COMPANY.COM,2016-12-29,Manager,Sales,$107112,2001,09167 Andre Court Suite 200,Hallton,IN,56233,1971-03-16,
1101,,Gonzalez,,2020-09-12,Software Engineer,Analytics,,,3933 Ellen Shoal Suite 904,Lake Brentburgh,VA,23760,1967-04-14,Active
1439,Tracey,ALEXANDER,Tracey.ALEXANDERcompany.com,2017-09-07,Data Analyst,Finance,"₹98,630",2001,15764 Smith Light Suite 047,West Sarahbury,GU,43083,1972-01-08,
1058,Angela,LYNCH,Angela@company,2023-12-30,Manager,Finance,$55506,2001,8038 Theresa Way Suite 198,East Isabellaton,NC,38008,1995-12-22,INACTIVE
2120,Megan,Smith,MeganSmith@company.com,2024-09-16,Software Engineer,HR,58052,2001,49726 Singleton Pine Suite 549,North Davidport,WA,01181,1988-07-02,INACTIVE
1323,Adam,Smith,Adam@company,2023-04-29,Manager,Sales,"₹67,107",2003,968 Barrett Hollow Suite 393,Brettberg,MD,42390,1974-11-20,
1974,Michael,LE,Michael@company,2019-11-17,Data Analyst,Finance,33576,,271 Garcia Garden Apt. 518,Johnathanmouth,PR,32243,2003-10-07,
1411,Holly,Ewing,Holly@company,2021-02-18,Manager,Sales,$37980,,36480 Smith Valleys Suite 389,West Matthewland,CA,80001,1972-02-18,active
1855,erica,ARNOLD,,2025-05-25,Data Engineer,Finance,"$24,747",2001,3615 Good Drives Suite 407,North Henryport,NH,08046,1969-10-15,
1820,Jordan,Armstrong,,2023-06-16,Data Analyst,marketing,"$73,950",,837 Coleman Mission Suite 148,Port Marc,AZ,11090,1974-01-14,
1044,jeremy,Suarez,jeremy@company,2025-12-26,Data Analyst,IT,84216,2003,471 Philip Estates,East Christopherbury,AS,48754,2004-03-22,active
1049,Andrew,Hammond,Andrew.Hammondcompany.com,2019-05-17,Software Engineer,Sales,"113,581",2003,529 Sabrina Hills,Sanchezland,TN,44635,1987-04-24,
1849,William,Fernandez,William_Fernandez@COMPANY.COM,2020-08-07,Data Engineer,IT,"₹117,024",,58944 Meyers Meadows,West Markfurt,AZ,19419,1983-09-25,active
1240,Brian,Jackson,BrianJackson@company.com,2018-11-18,Data Engineer,it,"$51,871",2003,52841 Lisa Knoll,South Stephanie,RI,52674,2001-01-30,Active
1170,Nicole,Lee,Nicole@company,2025-12-06,Software Engineer,IT,"40,385",2002,45365 Phillips Views Suite 041,Levymouth,GU,60458,1975-09-01,Active
1523,Darin,CARTER,Darin.CARTER@company.com,2024-03-12,Data Engineer,it,"$85,916",2001,97554 Shannon Meadows,Grahamshire,NJ,91159,2006-09-04,Active
1765,jessica,WATERS,,2017-07-18,Manager,HR,"21,160",2003,844 Matthew Fork Suite 763,North Melanie,IL,09109,1979-08-19,
1838,Arthur,Welch,Arthur.Welchcompany.com,2018-06-13,Data Engineer,marketing,,2002,14215 Morgan Stream,Tanyaport,IA,96333,1967-09-10,INACTIVE
1423,Matthew,Odom,Matthew_Odom@COMPANY.COM,2016-08-02,Data Engineer,Sales,"₹73,590",2003,89714 Sarah Parkways Suite 588,Michelleville,FM,13307,1998-02-03,
